"","-74.63009","-74.62952","-74.62896","-74.62839","-74.62782","-74.62725","-74.62668","-74.62611","-74.62554","-74.62498","-74.62441","-74.62384","-74.62327","-74.6227","-74.62213","-74.62156","-74.621","-74.62043","-74.61986","-74.61929","-74.61872","-74.61815","-74.61759","-74.61702","-74.61645","-74.61588","-74.61531","-74.61474","-74.61417","-74.61361","-74.61304","-74.61247","-74.6119","-74.61133","-74.61076","-74.61019","-74.60963","-74.60906","-74.60849","-74.60792","-74.60735","-74.60678","-74.60622","-74.60565","-74.60508","-74.60451","-74.60394","-74.60337","-74.6028","-74.60224","-74.60167","-74.6011","-74.60053","-74.59996","-74.59939","-74.59882","-74.59826","-74.59769","-74.59712","-74.59655","-74.59598","-74.59541","-74.59485","-74.59428","-74.59371","-74.59314","-74.59257","-74.592","-74.59143","-74.59087","-74.5903","-74.58973","-74.58916","-74.58859","-74.58802","-74.58745","-74.58689","-74.58632","-74.58575","-74.58518","-74.58461","-74.58404","-74.58348","-74.58291","-74.58234","-74.58177","-74.5812","-74.58063","-74.58006","-74.5795","-74.57893","-74.57836","-74.57779","-74.57722","-74.57665","-74.57608","-74.57552","-74.57495","-74.57438","-74.57381"
"40.30114",261.051836895,260.76501437,259.84400612,257.311865665,256.569560355,256.39923778,251.54642456,251.302860035,248.838907045,247.950238365,247.785841425,245.33290393,244.459533425,242.067892165,243.52630676,242.68537198,239.50437698,240.01091343,238.699898325,237.11604283,235.76399692,233.73415579,233.50492048,232.75364601,232.4695124075,231.04196981,230.95735997,229.101757265,228.877955895,226.979535625,228.35227709,227.997833115,228.42920091,227.35353773,227.324474535,227.898235825,226.626527765,226.07711894,226.832852035,227.54817274,227.60503683,228.176664905,228.506906925,227.900894155,230.00845319,230.173730525,230.611913385,231.82453247,232.377813285,233.135792615,234.159155465,235.010818855,235.82014751,235.904122615,238.02039043,238.41898983,239.48852458,240.725142785,240.82303309,242.217347355,242.6005341,243.70133916,245.432041285,246.458292825,246.69005811,248.075448648,248.917788455,250.31576196,250.87630391,251.175364965,252.64210468,253.564487805,254.450603785,255.061910265,256.0320351,256.91647767,257.084524915,258.278341275,259.48675368,260.041771535,261.064462795,261.79225365,262.799152525,263.266505525,264.1467409,264.56528028,265.23053923,266.47168335,267.258173755,267.957354015,268.487868835,269.10775155,269.660080175,270.35152084,271.111834915,272.131475325,272.8352177,273.485636335,274.05414716,274.735853185
"40.30157",262.47752612,261.596115035,259.708748865,256.60570843,256.89883625,256.900987315,254.40300675,252.68632018,252.66585059,250.96965507,249.41462223,248.283984725,246.23608347,245.75673266,243.648457435,241.820355075,239.894064335,238.81422488,238.12454517,237.976819275,235.864509725,234.91394935,235.10681217,233.09266026,233.14743784,232.066052885,229.993898905,230.177339755,229.315597755,227.99161958,228.40001017,227.783013225,226.711816025,226.348605685,226.82200148,227.20028822,226.907935185,226.390857925,226.54639028,226.25500354,227.090511735,226.901950835,228.04280508,228.59748777,227.95006129,229.325380595,230.217927405,230.062393565,231.61988297,231.870718035,232.947742915,233.86785726,235.34339001,236.517079255,237.252972385,237.696049415,239.20862292,239.7957849,240.85796331,241.37046593,242.37301877,243.14207693,244.38929754,246.435379695,246.262083545,247.143613825,247.87655372,249.289648055,249.928390625,250.9741677,252.550149535,252.916322195,253.6914056,254.63505982,255.71348012,256.63145597,257.038740835,258.18400502,259.050352245,259.67368996,260.176401945,261.53945656,262.379316715,262.35923321,263.95846951,264.30386585,264.908526615,266.14701296,266.23814995,267.26302375,267.580538765,268.342543755,269.227929615,270.18706039,270.4416906,271.377379015,272.445288225,273.03483424,273.33866137,NA
"40.302",262.224864095,261.92004777,260.77328375,257.957362745,258.608988715,256.04137212,254.36600118,251.5330203755,251.18256577,249.921491125,248.4590801,248.004768725,246.625172555,245.732546035,246.049788625,242.42543321,242.14526631,239.87514715,236.741585905,236.77815914,237.57232062,233.658230425,232.11670059,232.342720735,232.96590565,231.572937725,231.69255253,229.04693721,229.388548745,228.286969415,227.916349775,226.293642595,226.914615725,226.94043388,225.977013375,226.534473223,227.185400645,227.03156148,225.419213135,226.92155905,227.30228067,227.649835845,225.45244543,228.463945445,228.183455485,228.40529155,229.47116157,229.599689745,231.516302105,230.929961165,232.523871115,233.37460668,234.15037767,235.351394835,236.169340425,236.520936095,238.10905133,239.30399382,239.40627365,241.01625223,241.054023245,243.196468005,243.78154925,245.09717119,245.886345125,246.50286457,247.924296225,248.4211436,249.78448204,250.287105235,251.48723058,252.342810025,252.99159652,253.46085974,254.8497817,256.126290945,256.891983245,257.040905025,258.220077285,259.06644672,259.91248453,260.430087895,261.552112755,262.334533985,263.219829325,263.825368035,264.49503473,265.20347187,265.872537595,266.90829671,267.43380367,268.074769865,268.73843158,269.109631185,270.141194355,270.89013405,271.782265175,272.53903672,NA,NA
"40.30243",263.268899455,264.882505535,260.36835819,257.619780655,257.527932525,255.76147092,254.83516391,254.304866725,251.05288213,251.812735545,248.55759303,247.41656227,249.06834574,245.31853148,245.642658035,243.9777983,243.201557905,239.42985643,239.343696845,239.37040912,236.25870409,235.103187945,235.9497019,235.105857785,232.075404605,232.80201226,231.24909668,231.233266458,228.42725075,229.29454276,227.292815065,228.10605047,227.521606465,226.53717966,227.075377115,225.63561517,225.879243635,225.477957205,224.637263465,225.79710042,225.33249744,226.401414485,226.94460277,226.88749018,227.10800132,228.05776371,228.432911555,229.16548568,230.876206465,231.855807245,232.664202295,232.49601565,233.64326296,235.22013358,235.12119088,236.37388102,237.65581856,237.84628509,239.256802485,240.16059858,241.031262355,242.08583519,242.931098095,244.20701859,245.294212755,245.8924889,246.759423915,247.90093588,249.14583077,250.35514382,251.050775065,251.75956694,252.657063505,253.353876235,254.720636555,255.503731765,256.07554539,256.84406146,257.86148469,259.26400957,259.54361773,260.390082055,260.99742888,261.80843615,262.758178095,263.43510263,264.16987173,265.029950305,265.23629597,265.811244805,266.933454065,267.925429755,268.39468373,269.32458655,269.891191795,269.925544525,271.25103959,NA,NA,NA
"40.30285",264.720589565,262.996850805,259.74592702,260.205661765,257.977156235,255.84124252,255.551606775,254.81493835,253.4746575,251.23031648,249.77436025,247.99697156,248.77150648,245.094297525,244.0986382,244.418074405,241.71648771,241.929543655,238.339822965,238.060454095,238.53054018,235.987618795,235.304631955,233.19405931,232.563479015,232.24714388,232.1496682,230.51657128,230.712704255,229.03752106,226.7639293,227.52723566,226.909051825,226.41335051,226.37431284,224.783803165,226.060778325,225.27367577,226.011056995,225.98884553,225.422419755,225.36113269,226.88950132,227.45697913,227.200373615,228.32409522,227.63428058,229.102297715,230.137685655,231.33959451,231.220750775,232.873873165,233.64349025,234.137019085,235.007953545,235.84861433,236.281468355,237.737950575,238.556297095,240.07571557,240.890196545,241.20014316,242.504172525,243.81561528,244.03316394,245.790859835,246.10769988,247.16135389,249.13106741,249.58934731,250.074139865,251.116971825,252.228150685,253.21653308,253.657182695,254.510577365,255.253917135,256.289528445,257.239886655,258.20340851,258.786658815,259.941379685,260.162869745,261.58330572,261.95697092,262.582646585,263.528052235,264.34672182,265.3962151,265.504387415,266.5380931,267.14327515,267.692004395,268.406983965,268.820620065,270.005079645,270.890403455,NA,NA,NA
"40.30328",265.543198815,263.186592035,261.013103115,260.71928301,258.68962288,257.960453475,255.86062335,256.388369175,254.061686115,251.795903505,251.290254995,248.48867207,246.7313769,245.891980495,245.74024732,243.837077695,241.698633795,241.254198325,240.427490295,238.7723317,238.459307205,236.44687388,234.169015015,234.2233346,232.84612633,232.97055498,230.560458805,229.47679515,228.45014242,229.030771265,226.06819626,227.478599215,226.8256723,226.06629139,227.336101,225.820471545,224.931262825,225.233083735,225.427237855,226.279999855,226.04181987,225.68310492,225.968658205,226.761587745,226.762577755,227.52014683,228.0476572,229.06299556,228.865408905,230.63151433,229.99703207,231.49451733,232.82370864,232.51367846,234.245525415,234.96869338,236.515815905,237.83857987,238.344617505,239.3320606,239.90019683,241.332012535,241.34795412,242.95542666,243.863645485,244.91534134,245.57367987,247.187868355,247.791806445,249.0573685,249.571338545,250.50442762,250.968178565,252.193936775,253.16762455,254.26813861,255.0109631,255.83930718,256.63783317,257.220298025,258.22965115,259.425404585,259.40058064,260.798095405,261.54111608,261.845747065,262.829166915,264.12081288,265.027271505,265.36932537,265.60249938,266.781602605,267.441581415,268.32230961,269.1456139,269.68643531,270.34730543,NA,NA,NA
"40.30371",267.084793895,265.429766945,263.179227095,261.95394771,261.978803755,257.453219475,257.34505053,256.575918325,254.821317545,251.99419665,251.89450938,249.58005799,247.809624535,247.102419755,244.887686045,244.73845156,243.84960758,240.724514705,240.71230457,238.86607591,236.51676251,235.4312832,236.959690395,235.360056005,232.465637885,233.235896425,231.18256349,231.74702035,229.49995984,228.60124446,229.974486935,227.308761025,226.45860907,226.510813345,225.508151235,225.18636342,224.92858359,224.257329005,224.79258001,225.412042425,224.903173455,224.631254685,224.782485335,225.833992235,226.097347215,226.122743855,227.15790759,227.646834415,229.55984762,229.21679214,230.353201515,231.342158515,231.424471935,233.358112105,232.83790316,234.751725465,235.732447345,236.392656935,237.794150175,238.3785187,239.35449274,239.732185875,240.944667765,242.16069559,242.42318656,244.764468595,244.926933465,245.869360635,247.42942709,248.78933259,248.667659195,250.126020255,251.00947619,251.412407565,252.507987735,253.240615255,254.472548105,255.43375077,256.289230975,256.93151217,258.09886009,258.377666565,259.69412605,260.042118555,261.12378653,261.471039135,262.471409575,263.12467932,263.778144095,265.3290149,264.785006135,266.416672415,266.47671698,267.79843624,268.33581424,269.1634527,NA,NA,NA,NA
"40.30414",265.10502967,265.64521995,263.028810815,261.98202586,260.030966105,259.8233746,259.41646749,256.869934395,253.665313165,252.558909815,251.85521473,249.066134845,248.165939215,247.71988931,246.671734645,245.12982557,245.9090444,242.204611068,241.21255821,241.2946424,237.451686345,235.521927925,235.731161852,234.71467692,234.225854955,232.6383837,230.60113733,231.34291674,229.701746565,228.11429668,228.928314435,228.221415045,227.1630472,227.18350243,225.66363192,225.544404315,224.82605924,224.71819871,224.74998818,225.4874405,224.255527005,225.656291055,224.791750425,225.08541432,225.570382685,225.415788795,226.199514695,227.11264488,228.84262133,228.54421795,229.610978925,230.603117665,231.170844875,232.123443715,233.425704565,233.46707177,234.931635045,235.308445835,236.682628045,237.96179983,238.635857615,239.087336835,240.329036835,240.36476405,242.73349213,243.593222905,244.28128473,245.408057065,246.272969065,247.13488664,248.61322254,249.053644135,249.81011806,251.388475425,251.815934705,253.3664876,253.95683494,254.24683404,255.624134455,256.54359621,257.406741385,258.683360605,259.180858695,259.223096025,260.526828925,261.04844287,262.269983515,NA,NA,NA,NA,NA,NA,NA,NA,NA,NA,NA,NA,NA
"40.30456",267.149677065,265.973910605,263.623379475,262.122087835,261.505600265,259.916660685,258.65561695,257.22205372,254.768327495,254.97190624,252.316491075,251.59191919,249.99514718,247.081814415,245.919666305,245.12015802,244.098948525,242.30790306,241.88688396,239.27028882,238.728978455,239.239097425,238.551098285,236.304170405,234.10174562,233.08039064,232.701776955,232.768025675,230.50620025,230.838628135,227.95345098,227.29721726,224.809669445,226.359648155,226.409961685,225.708448565,225.348581385,225.522047915,223.946143645,223.168044025,223.447649735,224.98414024,223.799084205,223.943857835,225.77016231,225.358869445,226.235827745,227.17905162,227.115030775,228.470610335,228.371003145,229.204466545,230.66727951,231.626150205,232.371773995,233.121497345,233.709636445,234.85741934,236.519113335,236.622171445,238.342074725,238.563115535,240.370997125,241.54962508,241.71950076,241.91383364,243.726875625,244.665705485,245.68605174,246.754502915,247.76853113,248.528990815,249.61997012,250.530360645,250.864895525,252.08279981,252.831138515,254.407964695,254.927488025,256.05969007,256.841889035,257.299723705,257.94660439,258.961822015,259.60513106,260.822504735,260.890427405,NA,NA,NA,NA,NA,NA,NA,NA,NA,NA,NA,NA,NA
"40.30499",265.80302057,266.33117346,264.82040649,262.19880688,261.50713662,260.92483063,259.633266715,257.18761129,256.42848362,255.61789968,254.03359329,250.17958066,249.291478055,248.557341765,246.679139005,246.179127962,243.94421682,242.655689175,242.178566805,238.745704385,239.36155124,238.351962735,236.63825899,236.20658427,233.274131345,234.6188061,231.78658209,231.085266635,231.38358546,231.367200655,230.717399815,226.954707645,227.1737111,226.31947964,225.747504695,224.53792313,225.023422805,225.220075375,224.095895065,224.719438875,222.346978665,223.721751645,224.89921714,224.376855255,224.27933881,226.617272905,225.471193865,226.313514865,227.4540648,227.87889165,228.24652118,228.853882005,230.39611305,230.92144994,231.932819285,232.110778505,233.063456255,234.57575914,235.39940166,236.374074735,237.5196966,237.568003945,238.43706952,240.238535625,240.814201565,242.26601552,242.734644285,244.316325595,245.22839036,245.83965336,247.11764436,248.092277005,249.061452895,249.325938655,250.116306535,251.81048478,252.749369975,253.5611366,253.854552025,254.988118255,256.249562065,257.225291525,257.20958307,258.40043194,259.150169145,260.608541865,260.939688045,NA,NA,NA,NA,NA,NA,NA,NA,NA,NA,NA,NA,NA
"40.30542",269.00777569,266.35861871,267.266332495,265.650685645,264.934402725,259.655012285,258.88071483,258.515315125,258.584892695,255.624807745,251.522112955,250.963537515,250.18332083,249.45798766,249.129399155,246.268478315,245.00649007,244.50582683,241.55807457,240.15204702,239.169541072,240.38894428,238.3932954,234.773151605,234.81559502,233.391659575,233.019758445,231.3811708825,231.500761855,230.709488315,227.933356665,226.19037615,225.24871991,225.65956169,225.930835085,226.276724185,224.330618795,224.84044087,223.187477495,223.408990915,223.3880954,224.451619285,224.0815967,224.823396935,223.992619175,224.29826996,225.18438026,226.029598325,226.6775093,227.3335149,227.973709125,228.31689996,228.76845106,230.383131665,231.05481332,231.83859635,232.828971775,233.44907138,235.425611335,235.667146205,236.45124252,237.227822555,239.04584069,239.790506955,240.662512085,241.96506817,241.98017817,243.197371435,244.715800625,245.42682318,246.213779245,247.539489795,247.88719392,249.090291935,250.09299883,250.625220455,252.22260172,252.89285082,253.859558165,254.6730984,255.04523065,256.28369958,256.80144103,258.16454834,258.84438123,259.44573768,260.07408691,NA,NA,NA,NA,NA,NA,NA,NA,NA,NA,NA,NA,NA
"40.30585",269.817681885,268.483375235,267.3174072,264.143367415,261.667032455,261.563508945,258.57283746,259.09728089,257.948271675,253.684931425,255.07070267,253.302249265,252.037240395,249.188492695,249.16427935,247.539450765,245.81526235,243.704080345,244.601147065,242.575881725,241.62323629,240.84051038,237.766828285,236.570767895,234.29208782,234.15068434,232.758094515,231.18657211,230.92963831,230.57062376,228.6984874,228.0317063,228.169279115,226.38895332,225.743933455,225.437713055,225.12265361,224.708899685,224.11970999,224.40811387,223.104029365,223.976557885,223.39431619,223.447692745,224.34210574,224.874688885,225.269203065,225.83862508,226.44880443,226.219977725,227.05147334,227.887750795,229.21313135,229.35409809,230.660365735,230.90159705,231.93532027,233.11053143,233.303622035,234.458076385,235.141913165,236.473017925,237.16999013,238.68261578,239.506245655,239.942261815,241.763676885,243.155548775,243.93210897,244.981111745,245.59689489,246.53252315,247.50262606,248.623037385,249.37488698,250.28358934,251.287016855,252.45733263,253.256037205,253.704322945,254.70871677,255.626141745,256.26329254,257.431977925,258.05498601,NA,NA,NA,NA,NA,NA,NA,NA,NA,NA,NA,NA,NA,NA,NA
"40.30628",271.499320975,268.048743585,267.228226825,267.357841675,265.14400165,262.34952282,259.90507918,259.24786165,258.12904578,255.80174074,252.027656405,252.109157945,251.62165385,249.474786365,250.26540452,248.11376433,245.324974585,244.80577579,242.62244804,243.69779267,240.86938963,240.19869929,238.032800445,236.838720735,235.173438285,234.284810785,232.4177269,233.102333135,231.73956102,229.81003857,228.50824658,227.64566334,227.807416045,227.046607035,226.41940205,225.733021685,225.397263955,223.95017096,223.124087165,223.776742735,223.1600488,223.044877655,223.48288419,222.873976375,223.908773775,224.151915065,223.1992041,223.86774839,225.416152625,225.645855725,226.6159788,226.922194095,227.44165417,227.991032945,229.400418535,230.01121676,231.450299895,232.007558515,232.847028135,233.470252655,234.67905478,236.18773152,237.06842811,238.502406935,239.49050647,239.655551445,240.811671135,242.42275439,242.061732085,243.67070597,244.976703095,245.540791275,247.011500015,247.43097617,248.4428844,249.31407831,250.55875122,251.526139175,252.490297315,253.21861286,254.289490215,255.05658788,256.08565391,256.3195621,NA,NA,NA,NA,NA,NA,NA,NA,NA,NA,NA,NA,NA,NA,NA,NA
"40.3067",269.382026695,269.97711222,266.424297465,265.683353695,263.51818429,262.93084666,261.581410815,259.89541249,257.87741704,256.452446255,254.949599455,254.90070609,253.427096275,250.267595525,248.45011336,248.222409175,247.0517141625,245.212540535,242.71099883,241.572785755,241.61214433,240.038634465,239.265291005,238.687550925,235.389636105,233.553140275,235.014690745,232.752434075,231.71340586,230.82211954,229.41599105,228.20216962,227.20187549,226.107700335,226.256859535,225.617017905,224.58675085,224.29776718,223.261280065,223.52966145,223.06311305,223.18820658,221.640883995,222.772610295,223.043518955,223.616066875,223.648946865,223.717417315,224.00691622,225.18490765,225.67937497,226.793951245,226.876397665,227.62740128,229.357849525,229.62109023,230.35579232,231.51261564,232.08765575,233.514926385,234.063712255,235.0383377,236.363077455,237.019233,238.566374695,238.99782669,239.99735012,241.11803394,242.341149125,243.60227835,244.090200265,245.078592585,246.419112555,246.789774125,247.89166071,249.042499275,249.837658275,250.51933221,251.682275625,252.408397295,253.956032095,254.19062889,254.96138249,NA,NA,NA,NA,NA,NA,NA,NA,NA,NA,NA,NA,NA,NA,NA,NA,NA
"40.30713",268.098016185,269.45388676,266.72191639,265.175523725,264.536870405,263.855725155,261.989904325,262.698613965,258.810202955,258.34502409,255.96595099,255.6310681,253.992201045,252.045977775,250.34463936,248.538458375,247.06241566,246.16698815,245.508195555,243.22468433,240.498382285,238.883544255,237.37698367,237.77931122,237.464900155,235.3359805,233.832772025,232.70008806,230.59074852,230.311077355,229.61212091,227.60811149,227.038919095,225.77316224,226.309270715,224.89779699,224.84476543,224.573855325,223.26950744,223.00761159,222.446702535,223.622035535,224.24157045,222.73551735,221.90538048,222.123472985,223.463806405,223.115187905,225.08732774,224.344942915,225.12942595,226.013074415,226.738666025,227.901272055,227.37230832,229.36572459,229.44129417,230.70704045,231.695665195,232.8743054,233.902122185,234.29289727,235.040159145,236.078165465,236.93788139,238.18494643,239.20906451,240.33265747,241.384605435,243.27774092,243.52261901,244.34271561,245.549317785,246.697829615,247.200794985,248.489252,248.96973114,249.906307445,250.886311665,251.655191145,252.83304012,253.464055545,NA,NA,NA,NA,NA,NA,NA,NA,NA,NA,NA,NA,NA,NA,NA,NA,NA,NA
"40.30756",272.396670605,271.14196536,267.51525799,265.763767025,266.140119385,264.62734335,264.313742565,261.586861905,258.9420821,258.39844207,256.67289682,255.359000295,252.59595728,253.486056105,250.28590975,247.52875203,247.741098785,246.777301165,244.863110155,243.254202945,241.15004477,240.57229248,238.56980129,239.41553244,237.38732632,234.852487295,233.543760555,233.045358475,232.64772156,231.777171685,229.8848305,228.991851615,228.8392706,227.042720315,224.964201885,223.86869718,224.488887605,224.813002475,224.83457014,222.79814762,222.74264576,222.75812479,222.320454865,221.69642636,223.64115594,223.06151252,223.300548185,222.87713084,223.168101025,224.43854831,223.815622495,224.443394275,226.034779505,226.52815984,227.354568615,227.715671345,228.64151899,229.3004682,230.83091278,231.57964644,232.483566745,233.864661145,233.63485511,235.17923885,237.087306865,238.257380005,238.598050545,240.176622875,240.601190495,241.595658915,242.073957905,243.363055845,243.946735845,245.459708755,246.47026583,247.390974235,248.519207195,248.911675715,250.33907719,251.58788185,252.029956125,252.759653185,NA,NA,NA,NA,NA,NA,NA,NA,NA,NA,NA,NA,NA,NA,NA,NA,NA,NA
"40.30799",272.78298555,271.260332325,269.413825305,267.48899552,265.302033895,267.537293465,263.69602031,261.99279596,259.30155211,258.491276025,256.76765026,254.819225115,254.10257343,251.98041761,251.5639633,248.680120245,247.748422615,247.8965877325,246.097585355,243.66475934,243.711644532,241.77239423,239.904917865,238.218096755,238.03392724,235.52162585,234.16412851,234.72703007,233.472051445,231.69659474,229.745994415,229.617518,228.0157524,227.046225055,226.39014441,226.513509295,225.55858529,223.53803045,224.3741839,223.7137446,222.925959865,221.488006295,222.78671173,222.96886248,221.25069786,222.246873235,221.755954475,222.624035815,222.55684659,222.57256561,222.83610894,224.85450949,224.31802754,225.3990614,227.36161449,227.30433274,227.46502616,229.29074038,230.042834975,230.93590736,231.604391095,232.86547927,233.93037938,234.851142845,235.86005716,236.887710425,237.50851092,239.16007475,239.77808174,240.922087255,241.71538671,242.74047772,244.17516899,244.6880955,245.494582035,246.530841395,247.024651365,248.174695635,249.39483923,250.12293407,251.34872547,252.031266045,NA,NA,NA,NA,NA,NA,NA,NA,NA,NA,NA,NA,NA,NA,NA,NA,NA,NA
"40.30841",273.522301745,270.796314405,270.38526923,269.58309639,265.969150585,265.505772605,262.729080295,261.988919865,259.59776583,259.68118508,257.903014435,257.381572775,255.09438709,253.51404016,251.84960426,250.9483667825,248.918456695,246.64062849,247.504876805,242.649082765,242.85421735,242.474466805,241.733930485,239.164676635,237.55678189,237.022802745,234.51743642,234.09791053,233.291756545,231.197086295,228.91027423,228.354383895,229.235059465,226.13292114,226.962702995,224.587268465,224.640988175,225.589588365,222.44695573,223.461150645,222.728579155,222.686892285,221.0788758,220.915323145,222.080028885,221.300891175,221.64184569,221.962119545,222.04444631,222.23376007,222.840332305,224.01551169,224.711988465,225.82832182,226.072119775,226.37567409,227.075674725,228.30867812,229.41140469,229.67394319,231.175950705,231.67226679,233.25959188,233.61030732,235.55958655,235.88970356,237.688805535,238.05212423,239.047606105,239.57926354,241.275020715,241.50470924,243.11888803,243.776330045,244.789057045,245.7039062,247.111454705,247.801209735,248.97526455,249.688240095,250.402098815,NA,NA,NA,NA,NA,NA,NA,NA,NA,NA,NA,NA,NA,NA,NA,NA,NA,NA,NA
"40.30884",273.15939152,271.301460295,270.07146831,269.677829105,267.29980925,266.808225075,264.49727194,262.863289625,262.769073635,259.726816175,257.6670697,255.06633799,256.233609115,255.0347116,252.898013695,251.057775255,248.58580444,247.075770935,245.962223145,245.79443201,245.02259188,241.77814137,243.279676245,237.64137909,238.500942785,236.87665815,236.503135855,233.41227673,231.72934703,232.502126255,231.51644834,229.284040955,228.32033101,227.989759565,226.614607015,225.0820153,225.899263195,223.50427453,223.16700282,222.726314135,222.947180975,222.334163975,220.91210555,220.672666245,220.668386125,221.11983207,221.486720665,222.03501024,222.571880075,223.100440185,222.24147477,223.05983177,223.81121518,224.24123798,224.945983475,226.673568425,226.513308305,226.861544355,228.7165895,229.0213835,229.763488185,230.74459594,231.465593965,233.080321065,234.24323847,235.21800473,236.534220875,237.46397014,237.844485675,238.962945665,240.41883749,241.43982689,242.55677532,242.91288115,244.065305865,245.6509765,246.373740775,247.001384025,247.755894075,249.13028091,250.080782325,NA,NA,NA,NA,NA,NA,NA,NA,NA,NA,NA,NA,NA,NA,NA,NA,NA,NA,NA
"40.30927",273.83037385,271.464806645,270.37873617,268.504514205,268.037108985,266.158958785,265.133397915,263.964848805,262.232808125,260.10619837,259.53100707,258.051520005,256.196016,254.06210045,251.699475245,250.67115039,251.052452755,247.14116499,247.149288495,246.87938279,243.02509628,243.373077335,240.61938537,238.602299095,237.600411915,236.559278745,236.32542403,234.93514291,233.17244374,232.01166615,230.080315115,230.442961635,228.13964886,226.13734247,227.29408576,225.615933105,224.14397966,224.11996581,223.074049575,223.783335555,222.567533235,222.81731943,220.816868425,219.75860598,221.234578835,220.517172745,220.920768025,220.44464607,221.14123763,220.72465721,221.952358215,222.42634584,223.761360285,223.82340666,224.04931152,225.75990112,225.612668795,226.4580641,227.97353944,228.135011015,229.41098701,230.1715957,231.928634285,232.24392348,232.950101135,234.32266348,235.06573901,235.96783134,237.631508615,238.66402968,239.23193212,240.7143634,241.031430455,242.09372947,243.60695955,244.263397865,244.96666253,245.902470195,247.17182654,248.410253175,249.3966345,NA,NA,NA,NA,NA,NA,NA,NA,NA,NA,NA,NA,NA,NA,NA,NA,NA,NA,NA
"40.3097",273.712025335,273.852436105,271.40361799,270.545727025,267.153888595,267.921404785,264.986586585,264.49378934,263.46031996,262.082593145,258.681640815,258.95703359,257.085821385,252.95434926,252.51489407,251.24427559,251.27717179,248.95553168,248.302614585,246.512230765,246.00215364,243.925151605,241.48501491,239.935445835,238.934073765,237.601557635,235.5427288525,236.064708135,232.359468295,231.848628985,230.138860525,230.266327975,228.496732895,227.82738304,227.773595005,226.0737248,225.855078845,225.24809036,223.95294579,222.709790705,221.039350615,222.421168325,222.05333104,220.470504175,221.024856465,219.56009049,220.92170925,220.494867025,220.67094307,220.776083355,220.799018535,222.287481575,222.107862695,223.395285235,223.563679325,224.616147695,226.06213968,226.278432785,226.634157545,227.609230065,228.84798633,230.004478245,230.50886171,230.820032485,232.782824655,232.78288822,234.55900659,235.118835485,236.57503245,237.29023011,238.281124225,239.142821025,240.639462315,241.74992774,242.622098135,243.77350201,244.689984715,245.36306752,246.70254614,247.553196285,248.752679295,NA,NA,NA,NA,NA,NA,NA,NA,NA,NA,NA,NA,NA,NA,NA,NA,NA,NA,NA
"40.31012",274.403198935,275.100776865,272.53182289,269.98462338,269.102896755,266.94305183,266.34239798,263.725359385,262.82416629,259.69051483,258.83706446,258.266098695,256.66445092,256.106763135,254.41518302,252.72844168,250.106383575,249.06422414,246.47159923,246.837339515,242.74448939,244.042475965,243.307923905,240.781402425,240.376275325,237.625419565,236.349846055,236.07042025,233.547260365,234.226956455,231.374353875,230.51475158,230.087667785,228.22129471,226.563312825,227.24276088,225.228026695,224.112057555,222.93849853,222.50286929,222.0693427,221.123579315,221.035859685,221.361719075,220.873796245,220.575469445,220.09312355,220.66620851,219.566674085,220.18076448,220.483303755,220.72667328,220.997473295,221.667141635,223.74628521,224.19657394,225.258216685,224.63282962,225.327563085,226.8056471,229.2390134,229.06451145,229.30292142,230.58148133,231.43510839,232.8684124,234.02338638,234.83811771,235.63744228,236.28469265,237.549323915,239.067006465,239.616020805,240.47293968,241.48112913,242.468935075,244.52684584,245.18622172,246.03209359,246.816962525,247.983570795,NA,NA,NA,NA,NA,NA,NA,NA,NA,NA,NA,NA,NA,NA,NA,NA,NA,NA,NA
"40.31055",274.6991985645,273.67136145,272.148319465,270.717591025,270.414417825,269.226918005,267.39091754,264.37447028,263.50223158,262.38246659,260.099117195,259.05179149,257.090867555,254.95168333,255.14234821,253.877035525,250.616894235,248.953067725,248.56169214,246.299150375,245.7994961375,244.49245025,241.749538375,240.52145832,238.646736863,237.88777437,236.680752615,235.5294477,234.1847238,232.510286325,232.46124181,231.32234278,228.83831817,227.881995525,226.324704645,225.58409679,225.58067912,223.70844214,222.070787375,223.19812928,222.436062935,220.59576667,220.63336124,221.63875283,221.112560835,219.675539815,219.86002206,219.898577955,219.96021057,219.74429033,220.361482155,221.16691059,221.751456625,221.6277292,222.37212991,223.257357135,223.591378805,224.900888435,225.54907497,226.111325335,226.71491412,228.407045065,228.59837431,229.60703153,230.64798654,231.89335641,232.23440594,234.33147629,235.132577705,235.21203451,236.976528095,238.03295972,239.149732725,239.76617377,240.91516048,242.19833667,242.80089808,243.74265554,245.198750245,245.86458351,NA,NA,NA,NA,NA,NA,NA,NA,NA,NA,NA,NA,NA,NA,NA,NA,NA,NA,NA,NA
"40.31098",275.42035667,274.414530235,271.971035125,270.66354876,269.416627835,268.94068246,267.0773721,265.305510885,263.048113935,261.88069402,260.518218485,258.89454401,258.261756805,256.9849932,254.49501654,253.18736027,251.318161675,251.54285199,248.677680185,246.63351682,247.44335252,243.690460305,243.784821225,241.622847125,238.99766708,238.360005465,237.462287515,235.934165865,233.627601945,233.089977885,232.462432525,231.54970523,227.936983045,228.286013425,227.79871857,225.0950437,225.301100505,223.55693743,224.455912025,222.429232305,220.37145261,221.413590315,221.340250345,221.426683275,220.04309683,220.43382477,218.67498863,220.46403051,220.202210175,220.083753415,219.862133545,219.92708612,220.537147615,221.890040435,222.461604445,222.40145798,223.05796915,223.017164065,224.64016049,226.248143405,226.165878465,227.39234058,227.85620982,229.02934747,229.51384505,230.55997997,232.012965075,232.47905178,233.603964485,235.22671292,236.293643975,236.985539745,238.109099765,239.36399942,240.0114117,241.38395169,241.99012618,243.412145475,244.504038675,245.44806499,NA,NA,NA,NA,NA,NA,NA,NA,NA,NA,NA,NA,NA,NA,NA,NA,NA,NA,NA,NA
"40.31141",274.934066595,275.401134405,274.07200283,271.69261676,270.4499343,266.69809352,266.086412005,266.630728675,264.34179944,262.05651415,261.22302084,259.69367671,259.013225385,257.46864884,253.58714826,253.45457546,251.79699213,250.530923575,250.16558716,248.078989135,246.048811495,244.54229813,242.69940987,241.844514415,240.979246895,239.75876955,237.06063703,237.136471535,234.095940425,232.8859048,231.96085929,231.28031418,229.466878225,228.700203755,227.60424239,226.06312068,224.91953825,225.40760064,223.416848215,222.08511572,223.223803465,221.174760695,220.232524828,221.019142725,220.05811825,218.62000114,219.34332916,218.849716905,219.122027775,218.84526716,219.681301345,219.802373605,219.663413125,220.5441514375,221.062797175,221.487051395,222.248780845,223.29535813,223.70727161,224.55109353,224.86479124,226.808159305,227.164558615,227.78675859,228.80472948,230.23421799,231.116744535,231.938125965,233.244330775,234.008381385,234.676015235,235.580824525,237.18838978,238.122609005,239.18518517,239.995037375,241.8393738,242.59645552,243.50754768,244.66978349,NA,NA,NA,NA,NA,NA,NA,NA,NA,NA,NA,NA,NA,NA,NA,NA,NA,NA,NA,NA
"40.31183",275.76295518,275.13816773,276.381290135,271.23003651,269.80886591,267.62729177,266.4586345525,265.969595085,266.297166345,262.38217587,262.04187379,259.970218875,259.48502403,256.517229495,255.999464235,252.647110025,253.054323565,250.740867105,249.41373747,248.07125611,248.04204779,244.85183423,243.44734888,243.334937125,240.007205995,240.321868255,236.702651745,236.42219807,234.55119285,232.96144768,232.29685322,230.466996015,229.62689119,228.56109801,227.13963688,227.402767335,226.509763975,224.09473947,222.49522639,224.396623835,221.73246777,221.434743375,220.456707125,220.654634195,219.332045335,219.416867615,220.02534829,218.97794005,218.98368228,218.40978612,218.09023722,219.533039665,219.845407795,220.0677026,219.50107222,221.15702855,221.640614225,221.774931425,222.87457453,223.99994956,224.969964975,224.731095595,226.1644565,227.07308456,228.261132155,229.18096326,230.452835825,231.167891355,232.50391991,233.275874615,234.272122865,235.335955125,236.39385497,236.995763425,238.209686385,239.29389522,240.445492995,241.715132195,242.58487605,243.72150781,NA,NA,NA,NA,NA,NA,NA,NA,NA,NA,NA,NA,NA,NA,NA,NA,NA,NA,NA,NA
"40.31226",278.22108748,275.212567875,273.361772445,272.45517187,271.32658125,270.426073485,268.738048635,265.43371189,264.9029891,262.494993865,261.7552302,261.214638675,258.3197856275,255.26352939,256.12052605,254.25663137,254.1206977,250.187483355,249.41145563,249.32880963,247.774620775,245.206792215,244.777779395,241.109270835,241.393436055,239.424631475,237.44759451,235.078684355,234.09433057,233.98722269,232.97369464,232.285198225,230.204585045,228.76928383,227.99270667,226.39095784,225.032132445,225.36373646,223.45433613,222.67858297,223.45389423,220.999053225,220.751160445,219.99859487,217.899149345,221.33925569,218.35313772,219.21650343,217.996391105,218.70375109,218.773519,219.970276375,219.79668905,218.77629263,219.816455385,220.66178063,220.994333405,221.46464546,222.37525607,223.27723071,223.511319875,225.162593865,225.20054847,225.7807504,227.80303751,228.93916099,228.955890475,230.314778875,230.700447155,232.938001035,233.228614665,233.887673645,235.87522967,236.29110897,237.96040858,238.755631805,239.642843535,240.991935695,241.933370835,NA,NA,NA,NA,NA,NA,NA,NA,NA,NA,NA,NA,NA,NA,NA,NA,NA,NA,NA,NA,NA
"40.31269",278.473204985,275.022452705,274.48028586,274.83206827,271.6451395,269.559478425,268.204920645,265.81469658,265.04522956,264.138797555,262.132496995,259.916959955,258.485701,256.207927625,256.242635635,256.13613355,251.999519515,251.931014505,251.173658185,250.111704125,247.4845318,245.57237244,244.43982221,242.951486,242.06185368,240.3359822,238.33574595,236.17689304,234.241262625,234.138190405,232.94276364,231.694587915,230.706121205,229.25328985,227.930962685,227.690582515,225.171806805,223.876976,223.62997991,223.4918971925,220.14884215,220.68661375,219.19582043,219.87410905,219.779508475,218.72084725,218.90185034,217.886116555,217.96198527,219.301974785,217.91289802,218.227044335,219.532407095,218.816714715,218.90588683,220.09075632,220.308326165,220.53883442,221.77523618,221.951162925,223.29210701,224.21194834,224.64645351,225.89136748,226.50637332,227.103083415,227.89690481,229.10883532,230.64261978,231.129368895,232.175677055,233.451626525,234.411279165,236.5748522,236.682209765,237.5357492,238.999571515,240.29458429,241.259346665,NA,NA,NA,NA,NA,NA,NA,NA,NA,NA,NA,NA,NA,NA,NA,NA,NA,NA,NA,NA,NA
"40.31312",279.13387095,277.09071331,273.32833431,272.98441788,272.460395415,269.07807111,269.520213455,266.982687475,264.530534505,264.086671715,262.3185928,262.73733256,259.91717584,258.21458348,256.45680383,255.49560163,253.39245508,252.54589524,249.534359075,250.46006724,247.27880938,245.90039732,245.17383259,243.05689091,240.640659145,239.90602928,239.16064716,236.583926315,235.921396725,234.04426478,232.46337035,232.73779562,230.371603315,229.633845145,227.847118055,227.545385405,225.40062198,223.396056175,223.439268365,223.051657885,221.256274765,219.83727667,220.29863284,220.004893345,219.57830297,218.68013716,219.36460689,218.12257141,217.7189786,217.68173779,218.15359964,217.990894735,218.30197392,219.002292785,219.73553748,218.86196886,219.4258406,220.004450885,220.46462424,222.077606935,222.58371545,223.358844115,224.092401095,224.55729936,226.3388824,226.714221505,227.80207437,228.55207283,229.264361385,231.13533312,231.66239432,233.020196905,233.813225275,235.0222497,235.729726325,237.35256203,238.05026212,238.8058618,240.107054535,NA,NA,NA,NA,NA,NA,NA,NA,NA,NA,NA,NA,NA,NA,NA,NA,NA,NA,NA,NA,NA
"40.31355",277.754183255,278.18327747,274.9603695,275.307895705,272.805774395,268.84875727,269.290028105,267.364282105,266.54783024,265.63064418,262.93273504,261.286864645,260.29749132,257.24485146,257.48781655,256.018136255,253.8032637,250.888658855,251.49401121,249.615420755,246.97847365,245.86691145,243.54740384,242.64279884,241.42593365,240.64933643,238.29461862,238.58292958,235.608922935,235.507379445,232.22217111,231.566162925,229.301919885,229.008400075,227.417802725,228.06433404,227.228018545,224.849562845,224.295513715,222.097322285,222.184409975,220.377118005,220.95500522,218.93123059,218.55975399,217.80794492,217.79409385,218.061656245,216.80889914,216.827738835,217.66639943,218.03909512,217.525559775,217.217117985,218.956316195,218.3480951,219.289871975,219.364396315,220.234525475,220.284407115,221.112907015,222.755523425,223.56270589,224.37072934,225.68150547,226.00871676,227.38892579,227.7165615,228.25486963,229.784898405,230.706245925,231.82918045,232.740728625,233.846796415,234.629594985,NA,NA,NA,NA,NA,NA,NA,NA,NA,NA,NA,NA,NA,NA,NA,NA,NA,NA,NA,NA,NA,NA,NA,NA,NA
"40.31397",278.557235295,277.782835825,276.08763642,273.89679705,272.64854363,271.190505885,270.376481015,267.478694435,265.9331561,265.471624025,263.69504793,261.50962612,260.98265635,259.099757745,255.82864374,256.115130495,253.3729136125,252.004628843,250.6624323,248.55992914,247.84248892,244.703351925,245.058092,244.38202502,241.283644095,239.82109806,237.58025858,237.106017535,236.491187465,233.91674938,234.54754003,233.076221545,230.51842929,230.893927015,228.1374096,227.537137955,225.04064673,223.64306519,223.681068375,222.57907187,221.296699785,221.85510181,220.158762155,219.51449819,218.812160255,218.83513152,217.709223665,217.37206406,216.764978085,217.868368675,216.93396962,216.84919388,216.877500925,216.801259835,218.23698472,218.7402697,217.98832156,218.705122115,219.36610916,219.54929621,220.80157222,221.38391901,221.900352185,223.320614615,224.370196935,225.190754105,225.7074668,226.69184117,227.530251485,228.82055767,229.927066095,230.47265208,NA,NA,NA,NA,NA,NA,NA,NA,NA,NA,NA,NA,NA,NA,NA,NA,NA,NA,NA,NA,NA,NA,NA,NA,NA,NA,NA,NA
"40.3144",277.981775095,277.888403945,275.588103035,274.38180512,271.44400123,270.914937635,268.61027664,267.670572935,266.66665107,264.164909,262.85596848,261.263115505,259.1596004,258.738877515,257.597990255,254.14530462,253.34356561,254.103990955,252.22537244,249.68977606,247.63416713,246.305650355,245.742962265,244.227250345,241.745277315,239.588142895,238.386099365,238.589202535,234.82170783,235.22437405,232.564026925,233.596906455,231.85380817,228.50721465,227.40749532,226.39687466,226.19793668,224.68715168,224.114836895,223.297976975,222.315051175,220.956050455,220.03605817,219.66228077,218.33916746,218.6477173,217.583917415,217.25404878,216.64274147,217.85755064,217.01108089,217.09243701,216.7469922,217.48797716,217.032312435,217.80571303,217.89770996,219.146631765,218.57396477,219.33525383,220.093703355,220.890669265,221.58460373,222.544659235,223.1691078,224.6153263775,224.701660135,225.86764602,227.08804445,227.90804464,NA,NA,NA,NA,NA,NA,NA,NA,NA,NA,NA,NA,NA,NA,NA,NA,NA,NA,NA,NA,NA,NA,NA,NA,NA,NA,NA,NA,NA,NA
"40.31483",279.097271825,276.605617595,275.39951867,274.498916,273.828314865,271.4460192,270.897918795,269.357921,267.854366895,265.64302655,262.16544136,262.47879366,260.29063012,259.79452412,256.31047823,255.28831932,256.265630555,251.29690222,249.9033524375,250.92536807,249.84638016,246.22161755,244.697644365,244.01500159,241.98877967,240.608050355,238.807828585,237.011502675,235.591060555,234.98748419,233.7878612,232.653441175,230.910536865,229.89430522,228.745935985,227.092790605,225.82948225,225.11071598,224.42529318,223.025684995,221.9023698,220.834831415,220.77792287,219.44660794,218.938573115,218.175677895,217.20687666,217.993065285,217.78064482,215.66169809,216.050745785,216.646858995,215.9060673675,216.837037195,217.32983843,217.04250176,NA,NA,NA,NA,219.70903404,219.338333845,221.31623925,222.348964985,222.84294823,223.207323855,224.236266545,225.43748135,NA,NA,NA,NA,NA,NA,NA,NA,NA,NA,NA,NA,NA,NA,NA,NA,NA,NA,NA,NA,NA,NA,NA,NA,NA,NA,NA,NA,NA,NA,NA,NA
"40.31526",279.74596112,276.0816278,275.441881925,274.472424205,273.88578431,270.636593905,269.32416326,267.58582813,266.06901547,264.418439505,263.37480347,261.954874625,260.29189985,258.389930535,257.332065025,256.60160934,254.6294277,253.6167109,250.4268444,250.123651415,247.72464504,247.268347665,245.077933165,244.476924955,242.04101866,241.17514885,239.45984497,236.73372786,236.67813123,235.968090955,232.80969541,232.729928595,231.47323464,230.94053671,228.00697952,227.013286305,225.85914983,225.19141522,223.96636514,222.196699555,222.55233911,221.6393744,219.61949538,219.650245205,219.607406,218.388752155,216.347930875,218.06137963,216.8503543,216.818066065,216.40964707,216.28000387,216.43041985,216.737510895,NA,NA,NA,NA,NA,NA,NA,NA,NA,221.06525846,222.215233825,NA,NA,NA,NA,NA,NA,NA,NA,NA,NA,NA,NA,NA,NA,NA,NA,NA,NA,NA,NA,NA,NA,NA,NA,NA,NA,NA,NA,NA,NA,NA,NA,NA,NA,NA
"40.31568",279.014428725,276.52671379,276.32290623,274.37915695,273.282070985,271.03497139,270.4618522,266.797517975,267.008747155,264.96759085,265.0722833,262.125016605,259.775082665,259.667956305,257.33862369,256.271219875,254.27969716,252.72799529,250.69843479,250.26256691,248.1039282,247.63956961,246.73155178,244.282783585,241.86845148,240.80286082,239.82649601,238.722656865,236.69049304,235.118760805,234.33136936,232.79674118,230.523735885,229.46088063,229.050870075,227.279034245,224.15423869,224.332363825,224.00777013,222.855155035,220.86157125,221.055573305,219.435809505,218.671991425,218.495612665,218.507218635,217.275006665,217.44202573,216.633790725,216.551924265,216.580212035,215.73562381,NA,NA,NA,NA,NA,NA,NA,NA,NA,NA,NA,NA,NA,NA,NA,NA,NA,NA,NA,NA,NA,NA,NA,NA,NA,NA,NA,NA,NA,NA,NA,NA,NA,NA,NA,NA,NA,NA,NA,NA,NA,NA,NA,NA,NA,NA,NA,NA
"40.31611",278.55315334,277.337005405,277.593194635,274.73975583,272.791203785,270.247203795,270.15756436,267.134253035,266.583286205,266.00111889,263.940225265,261.962095635,261.77746997,258.37511407,256.801063745,256.793030925,254.067593245,252.54209254,251.903683605,249.918177645,249.053264835,246.31111639,244.1319077625,243.606428895,242.589445455,241.47024224,240.206078695,238.180919835,237.3494258,234.86197859,232.877588385,232.441765715,232.051911215,231.514790075,228.608208125,227.353203995,226.70256132,225.176170995,223.00620679,223.80921984,223.434823655,221.076479345,219.548853205,219.441385232,219.49190812,218.349603415,216.795925545,217.340894165,217.713905045,216.681455885,216.53987444,216.237791785,NA,NA,NA,NA,NA,NA,NA,NA,NA,NA,NA,NA,NA,NA,NA,NA,NA,NA,NA,NA,NA,NA,NA,NA,NA,NA,NA,NA,NA,NA,NA,NA,NA,NA,NA,NA,NA,NA,NA,NA,NA,NA,NA,NA,NA,NA,NA,NA
"40.31654",278.855294905,277.490737615,275.28562427,275.14018191,272.42401157,270.539291295,269.30414652,269.04869883,267.836515485,266.49028356,262.892429535,260.888770165,260.543624745,258.182360075,257.892220535,257.509238595,256.26643326,253.214767905,251.02795075,251.167680385,248.773943815,248.152748535,247.264964555,246.153174575,241.820121235,240.78249208,239.95633901,237.815412935,237.858617305,235.606622945,235.112207495,232.409635,232.665443685,231.07215179,228.202480425,228.43524997,226.76318195,225.108507655,224.180802515,223.36144219,222.99910151,220.76041426,219.39556765,218.478515065,219.595363485,218.976466905,218.187563725,216.99350543,215.34648631,217.0145199,216.222967635,216.212803695,NA,NA,NA,NA,NA,NA,NA,NA,NA,NA,NA,NA,NA,NA,NA,NA,NA,NA,NA,NA,NA,NA,NA,NA,NA,NA,NA,NA,NA,NA,NA,NA,NA,NA,NA,NA,NA,NA,NA,NA,NA,NA,NA,NA,NA,NA,NA,NA
"40.31697",278.979076175,277.69487358,274.96251253,273.602979505,274.635734345,272.91099311,270.36393249,269.601377765,266.64633287,264.65865346,263.44423647,263.4770558,261.142020125,259.70468736,259.01462972,257.229244762,254.39361791,255.185967325,251.339195635,249.569403835,250.39676811,248.791386055,246.37778794,244.25800651,242.05177547,238.590754755,238.851661265,238.601384865,238.21943014,234.983065635,232.95500757,232.57313015,232.23401064,229.80679278,228.347835895,226.935727095,226.216722575,225.87677558,223.670232465,223.63445889,223.00774738,220.92949085,220.32834956,219.92503611,218.99221002,217.26456971,217.1011707,217.405899,216.174032295,216.149392885,216.26076929,NA,NA,NA,NA,NA,NA,NA,NA,NA,NA,NA,NA,NA,NA,NA,NA,NA,NA,NA,NA,NA,NA,NA,NA,NA,NA,NA,NA,NA,NA,NA,NA,NA,NA,NA,NA,NA,NA,NA,NA,NA,NA,NA,NA,NA,NA,NA,NA,NA
"40.31739",279.83959569,278.116764725,275.896684295,274.952648525,273.252009505,272.366968275,270.69790381,269.553803725,267.49078711,264.380226735,264.0285532,263.491025845,260.4405655,259.954503955,257.95446568,256.08669419,255.807682045,253.58774401,252.26809319,250.751911895,249.301008765,247.578180545,246.213160695,245.043874915,242.601365855,240.544385125,239.41951055,237.844944815,236.904631275,235.56620912,234.80266027,233.28580662,232.399841555,231.28589361,229.04143261,227.293837735,226.163116195,225.75928579,223.45364626,221.9703442,222.553735375,221.54627905,220.67124296,219.54679285,217.80269785,218.101129995,217.37203789,216.398624045,217.395153415,216.097381285,NA,NA,NA,NA,NA,NA,NA,NA,NA,NA,NA,NA,NA,NA,NA,NA,NA,NA,NA,NA,NA,NA,NA,NA,NA,NA,NA,NA,NA,NA,NA,NA,NA,NA,NA,NA,NA,NA,NA,NA,NA,NA,NA,NA,NA,NA,NA,NA,NA,NA
"40.31782",279.06697356,276.44847487,276.14955255,273.33961983,273.413857645,272.70898204,269.4315105,269.54407179,266.549751575,266.19479721,264.50885571,260.41401047,260.815000545,260.53425674,258.083531345,255.59162811,254.926968015,252.93048114,252.003760985,250.910875905,248.870825115,247.361420185,244.81033943,244.21646005,243.46241977,241.317621315,239.7965696,240.69661901,237.009944565,234.313850675,234.288463895,232.5688022275,232.486940725,228.746821085,229.199020455,227.685101865,227.728538635,224.56563228,223.137078285,223.37007842,222.762282125,221.21821007,220.008852915,219.319158215,218.729638785,217.960652915,217.5527764,217.416075055,215.923746005,215.503673855,NA,NA,NA,NA,NA,NA,NA,NA,NA,NA,NA,NA,NA,NA,NA,NA,NA,NA,NA,NA,NA,NA,NA,NA,NA,NA,NA,NA,NA,NA,NA,NA,NA,NA,NA,NA,NA,NA,NA,NA,NA,NA,NA,NA,NA,NA,NA,NA,NA,NA
"40.31825",279.70242976,278.535935963,275.095214585,273.8788346,272.79614072,271.95593507,270.60835555,268.02567265,267.248943705,264.996861285,264.84088495,262.109627565,260.999762435,259.332604065,258.55991156,256.60887059,254.44488966,255.096289825,253.03785465,251.562848395,248.199558995,247.421342755,245.368931015,243.501324325,243.431951315,243.727268525,239.790361925,238.30603674,236.615201655,235.61464852,234.59882467,231.891016375,231.094245105,230.028680455,229.438998395,228.51928964,225.5084426,225.33694196,224.62262323,222.7512985,222.38157536,220.62608043,220.785943365,219.154881335,218.38931605,218.598148555,217.97109562,217.18932467,NA,NA,NA,NA,NA,NA,NA,NA,NA,NA,NA,NA,NA,NA,NA,NA,NA,NA,NA,NA,NA,NA,NA,NA,NA,NA,NA,NA,NA,NA,NA,NA,NA,NA,NA,NA,NA,NA,NA,NA,NA,NA,NA,NA,NA,NA,NA,NA,NA,NA,NA,NA
"40.31868",278.304002515,278.764527303,275.028235775,274.17806574,273.52672515,271.13478944,269.26375697,268.22914089,267.34424756,266.07393472,263.646422925,262.5041807,261.51230491,259.52895548,259.29065355,256.98342355,254.857473465,254.13917458,252.00634421,249.86378612,249.287243805,248.977106455,245.37113138,244.60208713,242.071700145,242.51639616,239.320714225,239.21949819,238.29151971,235.92131342,232.941436655,233.121715235,230.950811385,229.24084278,229.13626638,228.05932443,226.44599287,225.384159475,224.41266856,222.518690405,222.67540101,221.35979786,219.882824,219.399511985,219.46623616,218.37038415,217.336767925,216.471653525,NA,NA,NA,NA,NA,NA,NA,NA,NA,NA,NA,NA,NA,NA,NA,NA,NA,NA,NA,NA,NA,NA,NA,NA,NA,NA,NA,NA,NA,NA,NA,NA,NA,NA,NA,NA,NA,NA,NA,NA,NA,NA,NA,NA,NA,NA,NA,NA,NA,NA,NA,NA
"40.3191",279.43832754,277.09924959,274.969773045,275.191168475,273.920613595,271.22771148,271.54860484,267.88400779,266.997784905,265.99261207,264.297199925,262.44486311,259.66172853,260.8356043,257.3852729,256.893652275,255.31849905,253.80292275,251.725078845,251.70101346,249.85356576,248.56069467,245.40190342,243.278370205,243.301190755,241.510881525,240.30001975,238.288648765,238.29295007,234.653115235,236.0635948,232.82910309,231.040781855,230.50633408,230.045352325,228.909489045,226.33303569,225.78561551,223.412244315,224.31458444,222.875503565,220.600719055,221.016115285,219.698896205,219.28383441,217.64469647,217.193339875,217.213203515,NA,NA,NA,NA,NA,NA,NA,NA,NA,NA,NA,NA,NA,NA,NA,NA,NA,NA,NA,NA,NA,NA,NA,NA,NA,NA,NA,NA,NA,NA,NA,NA,NA,NA,NA,NA,NA,NA,NA,NA,NA,NA,NA,NA,NA,NA,NA,NA,NA,NA,NA,NA
"40.31953",279.77988423,277.732990495,275.078621985,272.99563999,272.16378007,270.575441465,271.47727109,268.892516075,266.470037515,264.653221765,263.617630285,261.869767265,259.938286845,260.249893375,257.97241086,255.223691845,255.666979615,253.196278075,252.060654465,250.627487725,249.211622365,247.47689706,245.314118475,244.984686625,243.518234745,241.22269563,240.58245657,238.61031518,238.43631007,235.5579543,234.19634283,232.85920247,230.514061445,229.593314145,229.60955832,228.692847555,228.18267978,226.2621109125,224.297899945,224.362141495,221.940251155,220.686415495,220.71634421,219.934469265,219.172830325,217.35831685,217.151770495,215.94499476,NA,NA,NA,NA,NA,NA,NA,NA,NA,NA,NA,NA,NA,NA,NA,NA,NA,NA,NA,NA,NA,NA,NA,NA,NA,NA,NA,NA,NA,NA,NA,NA,NA,NA,NA,NA,NA,NA,NA,NA,NA,NA,NA,NA,NA,NA,NA,NA,NA,NA,NA,NA
"40.31996",278.64837099,277.296576205,276.143107405,274.86988929,272.2125267,270.05070473,270.46994408,269.111466805,266.195998575,266.42086786,264.17534391,261.66860726,260.8678258,259.25429967,258.107516595,256.373449335,255.31245825,253.781110835,252.33960177,250.30774766,248.95445838,248.104482905,245.64024668,243.54996737,242.40627159,242.85625859,240.81477263,238.598327865,237.099040125,236.846760055,233.04446284,235.068300705,232.177361005,230.55199632,228.8376379,227.650133278,225.645001555,227.15013396,224.054004475,223.321854605,222.445638925,221.67125119,221.113567435,219.384517745,219.7236678,218.332561905,217.665275065,217.67080134,NA,NA,NA,NA,NA,NA,NA,NA,NA,NA,NA,NA,NA,NA,NA,NA,NA,NA,NA,NA,NA,NA,NA,NA,NA,NA,NA,NA,NA,NA,NA,NA,NA,NA,NA,NA,NA,NA,NA,NA,NA,NA,NA,NA,NA,NA,NA,NA,NA,NA,NA,NA
"40.32039",278.06027495,277.030480525,274.965425535,274.690591875,273.89230667,270.846523245,271.30636556,268.973221345,267.68390257,266.11297368,263.81810582,262.988504685,261.615675745,260.97963971,256.29323563,256.146633795,254.668195095,253.13022195,251.64266302,251.032552235,249.44270074,247.37622904,245.963534935,244.085372215,241.487100745,242.4331459,240.440841995,238.856980915,237.12919837,234.956262715,234.92391842,234.10930621,232.5815649,231.292692225,229.724257885,228.48143535,226.71142247,225.86002215,224.72715916,222.899834822,222.31086046,222.4079315175,220.438419585,220.0661828,218.72900077,217.848684985,217.424625575,217.58184375,NA,NA,NA,NA,NA,NA,NA,NA,NA,NA,NA,NA,NA,NA,NA,NA,NA,NA,NA,NA,NA,NA,NA,NA,NA,NA,NA,NA,NA,NA,NA,NA,NA,NA,NA,NA,NA,NA,NA,NA,NA,NA,NA,NA,NA,NA,NA,NA,NA,NA,NA,NA
"40.32082",278.75448336,274.40699093,275.32193664,273.39557745,273.160700315,270.570196585,268.750359095,270.09160977,266.716108925,265.01540682,265.54690465,262.55944038,260.247245645,258.312455825,257.713371555,257.403268715,254.21774271,251.829874925,252.177838695,251.62323929,248.14412755,247.066070355,246.19892857,245.38486634,244.91409951,241.606295765,240.353530135,238.65689351,236.73452901,235.31397664,233.441065545,232.57332305,230.77912964,230.691877105,229.60891795,227.82005694,226.60949835,226.09886742,224.474062435,223.984836035,221.58782782,221.148561395,220.653853395,220.620702995,218.890674675,217.547820665,216.96704476,217.38230155,NA,NA,NA,NA,NA,NA,NA,NA,NA,NA,NA,NA,NA,NA,NA,NA,NA,NA,NA,NA,NA,NA,NA,NA,NA,NA,NA,NA,NA,NA,NA,NA,NA,NA,NA,NA,NA,NA,NA,NA,NA,NA,NA,NA,NA,NA,NA,NA,NA,NA,NA,NA
"40.32124",277.989648885,276.994714615,275.722055715,274.475046545,273.026618215,270.870587615,269.391851985,268.273252145,267.31374037,265.46402239,264.7189397,262.406877655,261.01260591,259.53534173,257.126084495,256.15742177,253.508946295,252.908318825,251.852889165,250.662411145,249.74633534,247.87089969,244.961734515,244.18738704,241.66460489,241.09715332,240.687928885,237.65281999,236.643731,236.01783103,234.379093105,233.698996685,233.0042528,230.833284335,230.118280325,228.281458035,226.77726836,226.143450885,224.864950885,223.438282765,221.808386415,222.77103908,220.86495208,219.21678225,219.010775995,218.42053325,218.934650785,NA,NA,NA,NA,NA,NA,NA,NA,NA,NA,NA,NA,NA,NA,NA,NA,NA,NA,NA,NA,NA,NA,NA,NA,NA,NA,NA,NA,NA,NA,NA,NA,NA,NA,NA,NA,NA,NA,NA,NA,NA,NA,NA,NA,NA,NA,NA,NA,NA,NA,NA,NA,NA
"40.32167",276.81401234,278.08916822,276.082580205,272.84930321,271.751026915,270.96242629,268.45482206,268.564616405,265.612925245,265.188907335,263.828393405,261.67086523,261.010130735,260.028421215,257.44827336,256.18004316,253.25843107,252.304418155,250.384970375,249.352668885,246.91745058,247.66353844,244.85104168,244.052617185,242.86444355,241.1745322,241.48940334,238.12902541,237.104709885,236.35971009,234.779490285,232.70262619,230.09216123,230.314553165,230.06529067,228.182386345,227.758836035,226.477821492,225.69456902,223.9930678,NA,NA,NA,NA,NA,NA,NA,NA,NA,NA,NA,NA,NA,NA,NA,NA,NA,NA,NA,NA,NA,NA,NA,NA,NA,NA,NA,NA,NA,NA,NA,NA,NA,NA,NA,NA,NA,NA,NA,NA,NA,NA,NA,NA,NA,NA,NA,NA,NA,NA,NA,NA,NA,NA,NA,NA,NA,NA,NA,NA
"40.3221",278.2775788,274.90496659,274.075818605,273.900402355,272.602665805,271.98686315,269.855135285,266.69038563,266.366542565,263.896756945,263.445382025,260.890062905,260.67016732,258.630623425,257.45827043,255.893731135,254.970359785,252.671416145,251.274631885,250.60042257,249.0877704,247.677224545,245.227290965,245.83709794,241.661277395,240.601323325,240.349957355,239.22858467,235.179344195,236.378635285,234.06271281,233.716298055,230.599422075,230.54144463,230.224811065,228.67215861,226.67604856,225.815263885,224.75032039,NA,NA,NA,NA,NA,NA,NA,NA,NA,NA,NA,NA,NA,NA,NA,NA,NA,NA,NA,NA,NA,NA,NA,NA,NA,NA,NA,NA,NA,NA,NA,NA,NA,NA,NA,NA,NA,NA,NA,NA,NA,NA,NA,NA,NA,NA,NA,NA,NA,NA,NA,NA,NA,NA,NA,NA,NA,NA,NA,NA,NA
"40.32253",277.13522797,276.16694883,274.22708944,272.387932995,272.57081274,270.81935416,269.855172655,269.36460442,267.87856629,264.391337615,262.245074475,261.51768522,260.404616295,259.063091165,258.564868565,256.078895595,255.16221359,253.03575404,252.203356045,250.16147987,249.161673055,247.599412785,245.86286698,245.240761155,241.43045642,241.69438827,240.594694395,237.45593677,237.89797689,235.677868315,235.03922744,234.413553835,231.81108752,230.472960665,229.096017155,227.900124745,227.67400132,NA,NA,NA,NA,NA,NA,NA,NA,NA,NA,NA,NA,NA,NA,NA,NA,NA,NA,NA,NA,NA,NA,NA,NA,NA,NA,NA,NA,NA,NA,NA,NA,NA,NA,NA,NA,NA,NA,NA,NA,NA,NA,NA,NA,NA,NA,NA,NA,NA,NA,NA,NA,NA,NA,NA,NA,NA,NA,NA,NA,NA,NA,NA
"40.32295",278.155089965,275.311886945,275.030851275,272.753944025,271.61384833,271.153387855,267.76427375,267.312600565,265.155031995,264.299685005,262.198282845,261.44654958,260.698396295,256.928109495,255.3355699,256.880003515,254.07364967,252.21100153,251.294175275,249.84149145,248.525912265,247.304095895,246.351738105,244.912528915,242.80200738,241.41548325,239.821328645,238.85470884,237.41944499,236.20442111,234.10910793,233.702324192,232.066680215,231.16121028,229.685485905,229.011241705,NA,NA,NA,NA,NA,NA,NA,NA,NA,NA,NA,NA,NA,NA,NA,NA,NA,NA,NA,NA,NA,NA,NA,NA,NA,NA,NA,NA,NA,NA,NA,NA,NA,NA,NA,NA,NA,NA,NA,NA,NA,NA,NA,NA,NA,NA,NA,NA,NA,NA,NA,NA,NA,NA,NA,NA,NA,NA,NA,NA,NA,NA,NA,NA
"40.32338",278.616214745,276.84229043,273.93855866,272.65380864,271.49722994,270.058787225,268.751368545,267.43365044,266.486091065,265.431188605,263.95663256,261.78995361,260.74230411,258.10903855,257.56637254,254.85632632,254.55433981,253.15994707,251.728194805,250.11241662,247.79435038,246.683354275,246.7830413075,245.517074725,242.242558485,241.15588094,240.156809325,238.843040665,236.963008605,235.70151426,235.658970195,234.382025685,231.65924086,NA,NA,NA,NA,NA,NA,NA,NA,NA,NA,NA,NA,NA,NA,NA,NA,NA,NA,NA,NA,NA,NA,NA,NA,NA,NA,NA,NA,NA,NA,NA,NA,NA,NA,NA,NA,NA,NA,NA,NA,NA,NA,NA,NA,NA,NA,NA,NA,NA,NA,NA,NA,NA,NA,NA,NA,NA,NA,NA,NA,NA,NA,NA,NA,NA,NA,NA
"40.32381",276.947885305,275.91330971,273.584461625,272.621199705,271.783301125,271.322998875,269.61187409,267.81522727,266.02303537,264.93413368,263.35233443,260.9565736,260.51429434,259.7799631,257.050275155,255.533692485,255.007591815,252.920870065,251.882286985,250.650996545,249.36867499,245.964051595,244.52004529,244.4636608,244.479241075,242.343318265,239.280119465,239.547945605,238.33230193,236.9318325,236.16696681,NA,NA,NA,NA,NA,NA,NA,NA,NA,NA,NA,NA,NA,NA,NA,NA,NA,NA,NA,NA,NA,NA,NA,NA,NA,NA,NA,NA,NA,NA,NA,NA,NA,NA,NA,NA,NA,NA,NA,NA,NA,NA,NA,NA,NA,NA,NA,NA,NA,NA,NA,NA,NA,NA,NA,NA,NA,NA,NA,NA,NA,NA,NA,NA,NA,NA,NA,NA,NA
"40.32424",276.47571142,275.616254305,274.11273651,271.99909134,271.318809095,270.230750305,268.43105895,266.752153435,265.92818556,263.73475435,262.981643875,261.82462621,259.93059703,258.86962545,257.71595168,254.26372936,NA,254.03794102,250.783360315,250.41550918,249.30727603,246.23708084,245.133952885,243.957037895,244.255978695,241.11518379,239.31453148,238.974730565,237.90512118,NA,NA,NA,NA,NA,NA,NA,NA,NA,NA,NA,NA,NA,NA,NA,NA,NA,NA,NA,NA,NA,NA,NA,NA,NA,NA,NA,NA,NA,NA,NA,NA,NA,NA,NA,NA,NA,NA,NA,NA,NA,NA,NA,NA,NA,NA,NA,NA,NA,NA,NA,NA,NA,NA,NA,NA,NA,NA,NA,NA,NA,NA,NA,NA,NA,NA,NA,NA,NA,NA,NA
"40.32466",277.044209715,276.25267722,274.62786335,272.360842135,272.249510635,270.974865535,269.75230936,267.70679783,265.77202831,263.695777615,263.4714124925,259.742969565,260.20048804,258.41021943,NA,NA,NA,NA,NA,250.19996564,248.52697568,246.77062936,246.291631165,243.7204623,242.46163891,240.707829515,239.87461712,239.67615354,NA,NA,NA,NA,NA,NA,NA,NA,NA,NA,NA,NA,NA,NA,NA,NA,NA,NA,NA,NA,NA,NA,NA,NA,NA,NA,NA,NA,NA,NA,NA,NA,NA,NA,NA,NA,NA,NA,NA,NA,NA,NA,NA,NA,NA,NA,NA,NA,NA,NA,NA,NA,NA,NA,NA,NA,NA,NA,NA,NA,NA,NA,NA,NA,NA,NA,NA,NA,NA,NA,NA,NA
"40.32509",276.223963275,273.53745227,272.48274485,272.23219922,270.931167795,269.56806947,269.186001085,267.23605344,265.75716102,263.58345444,263.39670439,261.458961625,258.448562725,258.92216422,NA,NA,NA,NA,NA,NA,NA,NA,NA,NA,NA,NA,NA,NA,NA,NA,NA,NA,NA,NA,NA,NA,NA,NA,NA,NA,NA,NA,NA,NA,NA,NA,NA,NA,NA,NA,NA,NA,NA,NA,NA,NA,NA,NA,NA,NA,NA,NA,NA,NA,NA,NA,NA,NA,NA,NA,NA,NA,NA,NA,NA,NA,NA,NA,NA,NA,NA,NA,NA,NA,NA,NA,NA,NA,NA,NA,NA,NA,NA,NA,NA,NA,NA,NA,NA,NA
"40.32552",275.770046035,274.95413687,273.186482955,271.836943455,271.41860114,269.236235,267.847126725,266.42595918,266.823344065,264.894721755,262.471973305,262.01540284,259.159623225,NA,NA,NA,NA,NA,NA,NA,NA,NA,NA,NA,NA,NA,NA,NA,NA,NA,NA,NA,NA,NA,NA,NA,NA,NA,NA,NA,NA,NA,NA,NA,NA,NA,NA,NA,NA,NA,NA,NA,NA,NA,NA,NA,NA,NA,NA,NA,NA,NA,NA,NA,NA,NA,NA,NA,NA,NA,NA,NA,NA,NA,NA,NA,NA,NA,NA,NA,NA,NA,NA,NA,NA,NA,NA,NA,NA,NA,NA,NA,NA,NA,NA,NA,NA,NA,NA,NA
"40.32595",275.913018895,275.466896585,272.355235165,271.17334853,269.900614135,269.57198415,269.26705186,266.58844479,265.17104301,264.101382535,261.59235646,259.588181865,260.20531738,NA,NA,NA,NA,NA,NA,NA,NA,NA,NA,NA,NA,NA,NA,NA,NA,NA,NA,NA,NA,NA,NA,NA,NA,NA,NA,NA,NA,NA,NA,NA,NA,NA,NA,NA,NA,NA,NA,NA,NA,NA,NA,NA,NA,NA,NA,NA,NA,NA,NA,NA,NA,NA,NA,NA,NA,NA,NA,NA,NA,NA,NA,NA,NA,NA,NA,NA,NA,NA,NA,NA,NA,NA,NA,NA,NA,NA,NA,NA,NA,NA,NA,NA,NA,NA,NA,NA
"40.32637",276.400445755,274.850137315,272.86582964,272.25219256,270.986750375,269.339617815,266.06250839,266.270772225,264.547380395,264.88517152,262.11287951,261.522511075,258.882586365,258.167987005,NA,NA,NA,NA,NA,NA,NA,NA,NA,NA,NA,NA,NA,NA,NA,NA,NA,NA,NA,NA,NA,NA,NA,NA,NA,NA,NA,NA,NA,NA,NA,NA,NA,NA,NA,NA,NA,NA,NA,NA,NA,NA,NA,NA,NA,NA,NA,NA,NA,NA,NA,NA,NA,NA,NA,NA,NA,NA,NA,NA,NA,NA,NA,NA,NA,NA,NA,NA,NA,NA,NA,NA,NA,NA,NA,NA,NA,NA,NA,NA,NA,NA,NA,NA,NA,NA
"40.3268",274.586473195,275.2040272,272.90049388,271.221284795,269.116624805,268.93649391,267.91814934,265.78995776,264.581879185,263.235915705,262.816520045,261.99097514,259.109603145,257.82936101,NA,NA,NA,NA,NA,NA,NA,NA,NA,NA,NA,NA,NA,NA,NA,NA,NA,NA,NA,NA,NA,NA,NA,NA,NA,NA,NA,NA,NA,NA,NA,NA,NA,NA,NA,NA,NA,NA,NA,NA,NA,NA,NA,NA,NA,NA,NA,NA,NA,NA,NA,NA,NA,NA,NA,NA,NA,NA,NA,NA,NA,NA,NA,NA,NA,NA,NA,NA,NA,NA,NA,NA,NA,NA,NA,NA,NA,NA,NA,NA,NA,NA,NA,NA,NA,NA
"40.32723",275.39600414,273.75964494,271.927475985,272.25347856,270.47353422,269.079133415,267.77963775,266.375566125,263.350270815,262.927072055,262.29037567,260.173056485,259.35094679,257.44634356,NA,NA,NA,NA,NA,NA,NA,NA,NA,NA,NA,NA,NA,NA,NA,NA,NA,NA,NA,NA,NA,NA,NA,NA,NA,NA,NA,NA,NA,NA,NA,NA,NA,NA,NA,NA,NA,NA,NA,NA,NA,NA,NA,NA,NA,NA,NA,NA,NA,NA,NA,NA,NA,NA,NA,NA,NA,NA,NA,NA,NA,NA,NA,NA,NA,NA,NA,NA,NA,NA,NA,NA,NA,NA,NA,NA,NA,NA,NA,NA,NA,NA,NA,NA,NA,NA
"40.32766",274.492837655,274.48151733,272.0294417,269.915893055,269.806280725,268.67007633,267.62540263,266.1222369175,264.88833421,264.03561125,262.15935839,261.149041065,259.30857516,259.04921168,NA,NA,NA,NA,NA,NA,NA,NA,NA,NA,NA,NA,NA,NA,NA,NA,NA,NA,NA,NA,NA,NA,NA,NA,NA,NA,NA,NA,NA,NA,NA,NA,NA,NA,NA,NA,NA,NA,NA,NA,NA,NA,NA,NA,NA,NA,NA,NA,NA,NA,NA,NA,NA,NA,NA,NA,NA,NA,NA,NA,NA,NA,NA,NA,NA,NA,NA,NA,NA,NA,NA,NA,NA,NA,NA,NA,NA,NA,NA,NA,NA,NA,NA,NA,NA,NA
"40.32809",275.0138188,273.359846735,272.487941575,272.141571455,269.755123175,268.77543927,268.01077161,265.75400293,264.420932185,264.26249666,261.880077565,261.03720999,259.748457125,258.95459624,NA,NA,NA,NA,NA,NA,NA,NA,NA,NA,NA,NA,NA,NA,NA,NA,NA,NA,NA,NA,NA,NA,NA,NA,NA,NA,NA,NA,NA,NA,NA,NA,NA,NA,NA,NA,NA,NA,NA,NA,NA,NA,NA,NA,NA,NA,NA,NA,NA,NA,NA,NA,NA,NA,NA,NA,NA,NA,NA,NA,NA,NA,NA,NA,NA,NA,NA,NA,NA,NA,NA,NA,NA,NA,NA,NA,NA,NA,NA,NA,NA,NA,NA,NA,NA,NA
"40.32851",275.82951929,273.011620735,273.21293531,271.56926011,270.046781085,268.257761075,266.018380745,266.478839465,265.040357125,264.02330518,261.941138005,261.005174495,259.860867655,NA,NA,NA,NA,NA,NA,NA,NA,NA,NA,NA,NA,NA,NA,NA,NA,NA,NA,NA,NA,NA,NA,NA,NA,NA,NA,NA,NA,NA,NA,NA,NA,NA,NA,NA,NA,NA,NA,NA,NA,NA,NA,NA,NA,NA,NA,NA,NA,NA,NA,NA,NA,NA,NA,NA,NA,NA,NA,NA,NA,NA,NA,NA,NA,NA,NA,NA,NA,NA,NA,NA,NA,NA,NA,NA,NA,NA,NA,NA,NA,NA,NA,NA,NA,NA,NA,NA
"40.32894",274.830797615,273.255596835,272.952168635,270.339164145,269.112812035,268.931671735,267.45339452,265.149436625,264.466297975,263.739543815,261.947487165,NA,NA,NA,NA,NA,NA,NA,NA,NA,NA,NA,NA,NA,NA,NA,NA,NA,NA,NA,NA,NA,NA,NA,NA,NA,NA,NA,NA,NA,NA,NA,NA,NA,NA,NA,NA,NA,NA,NA,NA,NA,NA,NA,NA,NA,NA,NA,NA,NA,NA,NA,NA,NA,NA,NA,NA,NA,NA,NA,NA,NA,NA,NA,NA,NA,NA,NA,NA,NA,NA,NA,NA,NA,NA,NA,NA,NA,NA,NA,NA,NA,NA,NA,NA,NA,NA,NA,NA,NA
"40.32937",274.731593855,272.750253625,270.87052901,271.24244412,269.17556992,268.490262125,266.657965765,264.67397377,264.35942669,262.950036385,260.31817262,NA,NA,NA,NA,NA,NA,NA,NA,NA,NA,NA,NA,NA,NA,NA,NA,NA,NA,NA,NA,NA,NA,NA,NA,NA,NA,NA,NA,NA,NA,NA,NA,NA,NA,NA,NA,NA,NA,NA,NA,NA,NA,NA,NA,NA,NA,NA,NA,NA,NA,NA,NA,NA,NA,NA,NA,NA,NA,NA,NA,NA,NA,NA,NA,NA,NA,NA,NA,NA,NA,NA,NA,NA,NA,NA,NA,NA,NA,NA,NA,NA,NA,NA,NA,NA,NA,NA,NA,NA
"40.3298",274.418909992,271.614822295,271.170586625,270.8655179,269.004974515,268.440093985,266.57197078,265.184466465,264.06308622,262.71194784,260.81380574,NA,NA,NA,NA,NA,NA,NA,NA,NA,NA,NA,NA,NA,NA,NA,NA,NA,NA,NA,NA,NA,NA,NA,NA,NA,NA,NA,NA,NA,NA,NA,NA,NA,NA,NA,NA,NA,NA,NA,NA,NA,NA,NA,NA,NA,NA,NA,NA,NA,NA,NA,NA,NA,NA,NA,NA,NA,NA,NA,NA,NA,NA,NA,NA,NA,NA,NA,NA,NA,NA,NA,NA,NA,NA,NA,NA,NA,NA,NA,NA,NA,NA,NA,NA,NA,NA,NA,NA,NA
"40.33022",274.227122085,272.31227602,273.00849003,270.22118743,268.4028316,266.54725895,267.881825885,264.955939545,262.912329205,264.35008393,261.927662805,NA,NA,NA,NA,NA,NA,NA,NA,NA,NA,NA,NA,NA,NA,NA,NA,NA,NA,NA,NA,NA,NA,NA,NA,NA,NA,NA,NA,NA,NA,NA,NA,NA,NA,NA,NA,NA,NA,NA,NA,NA,NA,NA,NA,NA,NA,NA,NA,NA,NA,NA,NA,NA,NA,NA,NA,NA,NA,NA,NA,NA,NA,NA,NA,NA,NA,NA,NA,NA,NA,NA,NA,NA,NA,NA,NA,NA,NA,NA,NA,NA,NA,NA,NA,NA,NA,NA,NA,NA
"40.33065",274.751984765,273.659745395,271.155369915,270.16002809,268.806105195,267.653614885,266.660039065,265.297183365,263.884914175,263.190890985,261.999464485,NA,NA,NA,NA,NA,NA,NA,NA,NA,NA,NA,NA,NA,NA,NA,NA,NA,NA,NA,NA,NA,NA,NA,NA,NA,NA,NA,NA,NA,NA,NA,NA,NA,NA,NA,NA,NA,NA,NA,NA,NA,NA,NA,NA,NA,NA,NA,NA,NA,NA,NA,NA,NA,NA,NA,NA,NA,NA,NA,NA,NA,NA,NA,NA,NA,NA,NA,NA,NA,NA,NA,NA,NA,NA,NA,NA,NA,NA,NA,NA,NA,NA,NA,NA,NA,NA,NA,NA,NA
"40.33108",274.043488685,272.523224655,272.940594455,271.125181655,269.42633778,267.51646199,266.413147255,264.87809714,263.91105668,263.27685938,261.96278802,260.691713075,NA,NA,NA,NA,NA,NA,NA,NA,NA,NA,NA,NA,NA,NA,NA,NA,NA,NA,NA,NA,NA,NA,NA,NA,NA,NA,NA,NA,NA,NA,NA,NA,NA,NA,NA,NA,NA,NA,NA,NA,NA,NA,NA,NA,NA,NA,NA,NA,NA,NA,NA,NA,NA,NA,NA,NA,NA,NA,NA,NA,NA,NA,NA,NA,NA,NA,NA,NA,NA,NA,NA,NA,NA,NA,NA,NA,NA,NA,NA,NA,NA,NA,NA,NA,NA,NA,NA,NA
"40.33151",274.75692236,272.707603225,271.67600268,270.186954935,269.005806975,268.136703375,267.21598793,264.659938645,263.76872499,262.638231675,260.99920812,260.40506828,NA,NA,NA,NA,NA,NA,NA,NA,NA,NA,NA,NA,NA,NA,NA,NA,NA,NA,NA,NA,NA,NA,NA,NA,NA,NA,NA,NA,NA,NA,NA,NA,NA,NA,NA,NA,NA,NA,NA,NA,NA,NA,NA,NA,NA,NA,NA,NA,NA,NA,NA,NA,NA,NA,NA,NA,NA,NA,NA,NA,NA,NA,NA,NA,NA,NA,NA,NA,NA,NA,NA,NA,NA,NA,NA,NA,NA,NA,NA,NA,NA,NA,NA,NA,NA,NA,NA,NA
"40.33193",273.548210895,272.25370767,271.892921465,270.3677575,269.59991159,267.34548136,266.428149595,264.628778365,264.54269906,262.10229663,261.87750517,260.177895925,258.315725225,NA,NA,NA,NA,NA,NA,NA,NA,NA,NA,NA,NA,NA,NA,NA,NA,NA,NA,NA,NA,NA,NA,NA,NA,NA,NA,NA,NA,NA,NA,NA,NA,NA,NA,NA,NA,NA,NA,NA,NA,NA,NA,NA,NA,NA,NA,NA,NA,NA,NA,NA,NA,NA,NA,NA,NA,NA,NA,NA,NA,NA,NA,NA,NA,NA,NA,NA,NA,NA,NA,NA,NA,NA,NA,NA,NA,NA,NA,NA,NA,NA,NA,NA,NA,NA,NA,NA
"40.33236",273.51974752,272.76493416,270.997760555,270.206299285,269.469248735,267.53113672,267.174165045,265.768960695,264.281799535,263.0663656,261.075724865,259.79295111,259.377821205,NA,NA,NA,NA,NA,NA,NA,NA,NA,NA,NA,NA,NA,NA,NA,NA,NA,NA,NA,NA,NA,NA,NA,NA,NA,NA,NA,NA,NA,NA,NA,NA,NA,NA,NA,NA,NA,NA,NA,NA,NA,NA,NA,NA,NA,NA,NA,NA,NA,NA,NA,NA,NA,NA,NA,NA,NA,NA,NA,NA,NA,NA,NA,NA,NA,NA,NA,NA,NA,NA,NA,NA,NA,NA,NA,NA,NA,NA,NA,NA,NA,NA,NA,NA,NA,NA,NA
"40.33279",273.68462328,272.618943315,271.63125646,269.858171405,268.04798387,267.758284055,267.163826095,264.93591295,263.3009785,262.450031275,261.82659332,260.082098075,258.34022617,NA,NA,NA,NA,NA,NA,NA,NA,NA,NA,NA,NA,NA,NA,NA,NA,NA,NA,NA,NA,NA,NA,NA,NA,NA,NA,NA,NA,NA,NA,NA,NA,NA,NA,NA,NA,NA,NA,NA,NA,NA,NA,NA,NA,NA,NA,NA,NA,NA,NA,NA,NA,NA,NA,NA,NA,NA,NA,NA,NA,NA,NA,NA,NA,NA,NA,NA,NA,NA,NA,NA,NA,NA,NA,NA,NA,NA,NA,NA,NA,NA,NA,NA,NA,NA,NA,NA
"40.33322",273.18858659,271.97528269,271.718833085,268.742411555,268.76483429,268.79249226,266.9298214,264.21196564,263.40275174,261.688025875,260.77608816,260.47867738,258.25360297,NA,NA,NA,NA,NA,NA,NA,NA,NA,NA,NA,NA,NA,NA,NA,NA,NA,NA,NA,NA,NA,NA,NA,NA,NA,NA,NA,NA,NA,NA,NA,NA,NA,NA,NA,NA,NA,NA,NA,NA,NA,NA,NA,NA,NA,NA,NA,NA,NA,NA,NA,NA,NA,NA,NA,NA,NA,NA,NA,NA,NA,NA,NA,NA,NA,NA,NA,NA,NA,NA,NA,NA,NA,NA,NA,NA,NA,NA,NA,NA,NA,NA,NA,NA,NA,NA,NA
"40.33364",272.9305751,272.570868235,270.256380375,269.79175639,268.485013355,268.18131521,266.49782535,264.194952495,263.396182525,263.01043796,260.556288935,260.52613337,258.64273156,NA,NA,NA,NA,NA,NA,NA,NA,NA,NA,NA,NA,NA,NA,NA,NA,NA,NA,NA,NA,NA,NA,NA,NA,NA,NA,NA,NA,NA,NA,NA,NA,NA,NA,NA,NA,NA,NA,NA,NA,NA,NA,NA,NA,NA,NA,NA,NA,NA,NA,NA,NA,NA,NA,NA,NA,NA,NA,NA,NA,NA,NA,NA,NA,NA,NA,NA,NA,NA,NA,NA,NA,NA,NA,NA,NA,NA,NA,NA,NA,NA,NA,NA,NA,NA,NA,NA
"40.33407",273.440753305,272.82380571,271.01976788,269.69908727,268.43915782,268.122052285,267.35256662,265.08522164,263.04954387,263.171463175,261.383808365,259.44961557,NA,NA,NA,NA,NA,NA,NA,NA,NA,NA,NA,NA,NA,NA,NA,NA,NA,NA,NA,NA,NA,NA,NA,NA,NA,NA,NA,NA,NA,NA,NA,NA,NA,NA,NA,NA,NA,NA,NA,NA,NA,NA,NA,NA,NA,NA,NA,NA,NA,NA,NA,NA,NA,NA,NA,NA,NA,NA,NA,NA,NA,NA,NA,NA,NA,NA,NA,NA,NA,NA,NA,NA,NA,NA,NA,NA,NA,NA,NA,NA,NA,NA,NA,NA,NA,NA,NA,NA
"40.3345",274.092712965,271.70528416,270.56006217,269.670777035,268.267380935,266.354106425,266.010959035,265.049081875,263.3882133,262.60805057,261.76336379,259.05031786,NA,NA,NA,NA,NA,NA,NA,NA,NA,NA,NA,NA,NA,NA,NA,NA,NA,NA,NA,NA,NA,NA,NA,NA,NA,NA,NA,NA,NA,NA,NA,NA,NA,NA,NA,NA,NA,NA,NA,NA,NA,NA,NA,NA,NA,NA,NA,NA,NA,NA,NA,NA,NA,NA,NA,NA,NA,NA,NA,NA,NA,NA,NA,NA,NA,NA,NA,NA,NA,NA,NA,NA,NA,NA,NA,NA,NA,NA,NA,NA,NA,NA,NA,NA,NA,NA,NA,NA
"40.33493",273.32541365,271.889404725,271.709782005,270.072579045,268.91518695,267.409711095,265.520841165,265.38842621,263.178128355,263.291816415,261.02872865,NA,NA,NA,NA,NA,NA,NA,NA,NA,NA,NA,NA,NA,NA,NA,NA,NA,NA,NA,NA,NA,NA,NA,NA,NA,NA,NA,NA,NA,NA,NA,NA,NA,NA,NA,NA,NA,NA,NA,NA,NA,NA,NA,NA,NA,NA,NA,NA,NA,NA,NA,NA,NA,NA,NA,NA,NA,NA,NA,NA,NA,NA,NA,NA,NA,NA,NA,NA,NA,NA,NA,NA,NA,NA,NA,NA,NA,NA,NA,NA,NA,NA,NA,NA,NA,NA,NA,NA,NA
"40.33536",274.158184805,272.520328635,270.45936462,269.141298625,268.72225145,267.575155995,265.66075726,263.869519135,264.070379925,262.58290715,NA,NA,NA,NA,NA,NA,NA,NA,NA,NA,NA,NA,NA,NA,NA,NA,NA,NA,NA,NA,NA,NA,NA,NA,NA,NA,NA,NA,NA,NA,NA,NA,NA,NA,NA,NA,NA,NA,NA,NA,NA,NA,NA,NA,NA,NA,NA,NA,NA,NA,NA,NA,NA,NA,NA,NA,NA,NA,NA,NA,NA,NA,NA,NA,NA,NA,NA,NA,NA,NA,NA,NA,NA,NA,NA,NA,NA,NA,NA,NA,NA,NA,NA,NA,NA,NA,NA,NA,NA,NA
"40.33578",273.62120162,273.18283122,271.91693606,270.127411365,269.17684089,268.68376866,265.47787585,264.79921865,263.13013332,NA,NA,NA,NA,NA,NA,NA,NA,NA,NA,NA,NA,NA,NA,NA,NA,NA,NA,NA,NA,NA,NA,NA,NA,NA,NA,NA,NA,NA,NA,NA,NA,NA,NA,NA,NA,NA,NA,NA,NA,NA,NA,NA,NA,NA,NA,NA,NA,NA,NA,NA,NA,NA,NA,NA,NA,NA,NA,NA,NA,NA,NA,NA,NA,NA,NA,NA,NA,NA,NA,NA,NA,NA,NA,NA,NA,NA,NA,NA,NA,NA,NA,NA,NA,NA,NA,NA,NA,NA,NA,NA
"40.33621",273.43381191,272.183243065,270.921511295,268.892038505,267.472196198,266.3276584,265.43725347,264.90800657,NA,NA,NA,NA,NA,NA,NA,NA,NA,NA,NA,NA,NA,NA,NA,NA,NA,NA,NA,NA,NA,NA,NA,NA,NA,NA,NA,NA,NA,NA,NA,NA,NA,NA,NA,NA,NA,NA,NA,NA,NA,NA,NA,NA,NA,NA,NA,NA,NA,NA,NA,NA,NA,NA,NA,NA,NA,NA,NA,NA,NA,NA,NA,NA,NA,NA,NA,NA,NA,NA,NA,NA,NA,NA,NA,NA,NA,NA,NA,NA,NA,NA,NA,NA,NA,NA,NA,NA,NA,NA,NA,NA
"40.33664",272.671677855,270.97533978,270.03045102,269.83085739,268.637038935,266.911236615,265.55955101,NA,NA,NA,NA,NA,NA,NA,NA,NA,NA,NA,NA,NA,NA,NA,NA,NA,NA,NA,NA,NA,NA,NA,NA,NA,NA,NA,NA,NA,NA,NA,NA,NA,NA,NA,NA,NA,NA,NA,NA,NA,NA,NA,NA,NA,NA,NA,NA,NA,NA,NA,NA,NA,NA,NA,NA,NA,NA,NA,NA,NA,NA,NA,NA,NA,NA,NA,NA,NA,NA,NA,NA,NA,NA,NA,NA,NA,NA,NA,NA,NA,NA,NA,NA,NA,NA,NA,NA,NA,NA,NA,NA,NA
"40.33707",274.049258435,271.84763286,271.392529755,268.763061435,267.66496273,267.60581137,NA,NA,NA,NA,NA,NA,NA,NA,NA,NA,NA,NA,NA,NA,NA,NA,NA,NA,NA,NA,NA,NA,NA,NA,NA,NA,NA,NA,NA,NA,NA,NA,NA,NA,NA,NA,NA,NA,NA,NA,NA,NA,NA,NA,NA,NA,NA,NA,NA,NA,NA,NA,NA,NA,NA,NA,NA,NA,NA,NA,NA,NA,NA,NA,NA,NA,NA,NA,NA,NA,NA,NA,NA,NA,NA,NA,NA,NA,NA,NA,NA,NA,NA,NA,NA,NA,NA,NA,NA,NA,NA,NA,NA,NA
"40.33749",272.664829325,270.477955585,269.505843925,269.922889165,267.86571712,NA,NA,NA,NA,NA,NA,NA,NA,NA,NA,NA,NA,NA,NA,NA,NA,NA,NA,NA,NA,NA,NA,NA,NA,NA,NA,NA,NA,NA,NA,NA,NA,NA,NA,NA,NA,NA,NA,NA,NA,NA,NA,NA,NA,NA,NA,NA,NA,NA,NA,NA,NA,NA,NA,NA,NA,NA,NA,NA,NA,NA,NA,NA,NA,NA,NA,NA,NA,NA,NA,NA,NA,NA,NA,NA,NA,NA,NA,NA,NA,NA,NA,NA,NA,NA,NA,NA,NA,NA,NA,NA,NA,NA,NA,NA
"40.33792",273.34433346,272.126835075,270.457357445,269.09131565,NA,NA,NA,NA,NA,NA,NA,NA,NA,NA,NA,NA,NA,NA,NA,NA,NA,NA,NA,NA,NA,NA,NA,NA,NA,NA,NA,NA,NA,NA,NA,NA,NA,NA,NA,NA,NA,NA,NA,NA,NA,NA,NA,NA,NA,NA,NA,NA,NA,NA,NA,NA,NA,NA,NA,NA,NA,NA,NA,NA,NA,NA,NA,NA,NA,NA,NA,NA,NA,NA,NA,NA,NA,NA,NA,NA,NA,NA,NA,NA,NA,NA,NA,NA,NA,NA,NA,NA,NA,NA,NA,NA,NA,NA,NA,NA
"40.33835",272.15956902,272.083675975,270.6413007,NA,NA,NA,NA,NA,NA,NA,NA,NA,NA,NA,NA,NA,NA,NA,NA,NA,NA,NA,NA,NA,NA,NA,NA,NA,NA,NA,NA,NA,NA,NA,NA,NA,NA,NA,NA,NA,NA,NA,NA,NA,NA,NA,NA,NA,NA,NA,NA,NA,NA,NA,NA,NA,NA,NA,NA,NA,NA,NA,NA,NA,NA,NA,NA,NA,NA,NA,NA,NA,NA,NA,NA,NA,NA,NA,NA,NA,NA,NA,NA,NA,NA,NA,NA,NA,NA,NA,NA,NA,NA,NA,NA,NA,NA,NA,NA,NA
"40.33878",272.758428415,271.06521628,271.217114745,NA,NA,NA,NA,NA,NA,NA,NA,NA,NA,NA,NA,NA,NA,NA,NA,NA,NA,NA,NA,NA,NA,NA,NA,NA,NA,NA,NA,NA,NA,NA,NA,NA,NA,NA,NA,NA,NA,NA,NA,NA,NA,NA,NA,NA,NA,NA,NA,NA,NA,NA,NA,NA,NA,NA,NA,NA,NA,NA,NA,NA,NA,NA,NA,NA,NA,NA,NA,NA,NA,NA,NA,NA,NA,NA,NA,NA,NA,NA,NA,NA,NA,NA,NA,NA,NA,NA,NA,NA,NA,NA,NA,NA,NA,NA,NA,NA
"40.3392",272.256440505,270.50783341,NA,NA,NA,NA,NA,NA,NA,NA,NA,NA,NA,NA,NA,NA,NA,NA,NA,NA,NA,NA,NA,NA,NA,NA,NA,NA,NA,NA,NA,NA,NA,NA,NA,NA,NA,NA,NA,NA,NA,NA,NA,NA,NA,NA,NA,NA,NA,NA,NA,NA,NA,NA,NA,NA,NA,NA,NA,NA,NA,NA,NA,NA,NA,NA,NA,NA,NA,NA,NA,NA,NA,NA,NA,NA,NA,NA,NA,NA,NA,NA,NA,NA,NA,NA,NA,NA,NA,NA,NA,NA,NA,NA,NA,NA,NA,NA,NA,NA
"40.33963",272.588068735,271.72428996,NA,NA,NA,NA,NA,NA,NA,NA,NA,NA,NA,NA,NA,NA,NA,NA,NA,NA,NA,NA,NA,NA,NA,NA,NA,NA,NA,NA,NA,NA,NA,NA,NA,NA,NA,NA,NA,NA,NA,NA,NA,NA,NA,NA,NA,NA,NA,NA,NA,NA,NA,NA,NA,NA,NA,NA,NA,NA,NA,NA,NA,NA,NA,NA,NA,NA,NA,NA,NA,NA,NA,NA,NA,NA,NA,NA,NA,NA,NA,NA,NA,NA,NA,NA,NA,NA,NA,NA,NA,NA,NA,NA,NA,NA,NA,NA,NA,NA
"40.34006",272.385743495,NA,NA,NA,NA,NA,NA,NA,NA,NA,NA,NA,NA,NA,NA,NA,NA,NA,NA,NA,NA,NA,NA,NA,NA,NA,NA,NA,NA,NA,NA,NA,NA,NA,NA,NA,NA,NA,NA,NA,NA,NA,NA,NA,NA,NA,NA,NA,NA,NA,NA,NA,NA,NA,NA,NA,NA,NA,NA,NA,NA,NA,NA,NA,NA,NA,NA,NA,NA,NA,NA,NA,NA,NA,NA,NA,NA,NA,NA,NA,NA,NA,NA,NA,NA,NA,NA,NA,NA,NA,NA,NA,NA,NA,NA,NA,NA,NA,NA,NA
"40.34049",271.67326913,NA,NA,NA,NA,NA,NA,NA,NA,NA,NA,NA,NA,NA,NA,NA,NA,NA,NA,NA,NA,NA,NA,NA,NA,NA,NA,NA,NA,NA,NA,NA,NA,NA,NA,NA,NA,NA,NA,NA,NA,NA,NA,NA,NA,NA,NA,NA,NA,NA,NA,NA,NA,NA,NA,NA,NA,NA,NA,NA,NA,NA,NA,NA,NA,NA,NA,NA,NA,NA,NA,NA,NA,NA,NA,NA,NA,NA,NA,NA,NA,NA,NA,NA,NA,NA,NA,NA,NA,NA,NA,NA,NA,NA,NA,NA,NA,NA,NA,NA
"40.34091",272.169201345,NA,NA,NA,NA,NA,NA,NA,NA,NA,NA,NA,NA,NA,NA,NA,NA,NA,NA,NA,NA,NA,NA,NA,NA,NA,NA,NA,NA,NA,NA,NA,NA,NA,NA,NA,NA,NA,NA,NA,NA,NA,NA,NA,NA,NA,NA,NA,NA,NA,NA,NA,NA,NA,NA,NA,NA,NA,NA,NA,NA,NA,NA,NA,NA,NA,NA,NA,NA,NA,NA,NA,NA,NA,NA,NA,NA,NA,NA,NA,NA,NA,NA,NA,NA,NA,NA,NA,NA,NA,NA,NA,NA,NA,NA,NA,NA,NA,NA,NA
"40.34134",271.799900545,NA,NA,NA,NA,NA,NA,NA,NA,NA,NA,NA,NA,NA,NA,NA,NA,NA,NA,NA,NA,NA,NA,NA,NA,NA,NA,NA,NA,NA,NA,NA,NA,NA,NA,NA,NA,NA,NA,NA,NA,NA,NA,NA,NA,NA,NA,NA,NA,NA,NA,NA,NA,NA,NA,NA,NA,NA,NA,NA,NA,NA,NA,NA,NA,NA,NA,NA,NA,NA,NA,NA,NA,NA,NA,NA,NA,NA,NA,NA,NA,NA,NA,NA,NA,NA,NA,NA,NA,NA,NA,NA,NA,NA,NA,NA,NA,NA,NA,NA
"40.34177",272.18594235,NA,NA,NA,NA,NA,NA,NA,NA,NA,NA,NA,NA,NA,NA,NA,NA,NA,NA,NA,NA,NA,NA,NA,NA,NA,NA,NA,NA,NA,NA,NA,NA,NA,NA,NA,NA,NA,NA,NA,NA,NA,NA,NA,NA,NA,NA,NA,NA,NA,NA,NA,NA,NA,NA,NA,NA,NA,NA,NA,NA,NA,NA,NA,NA,NA,NA,NA,NA,NA,NA,NA,NA,NA,NA,NA,NA,NA,NA,NA,NA,NA,NA,NA,NA,NA,NA,NA,NA,NA,NA,NA,NA,NA,NA,NA,NA,NA,NA,NA
"40.3422",271.936534105,NA,NA,NA,NA,NA,NA,NA,NA,NA,NA,NA,NA,NA,NA,NA,NA,NA,NA,NA,NA,NA,NA,NA,NA,NA,NA,NA,NA,NA,NA,NA,NA,NA,NA,NA,NA,NA,NA,NA,NA,NA,NA,NA,NA,NA,NA,NA,NA,NA,NA,NA,NA,NA,NA,NA,NA,NA,NA,NA,NA,NA,NA,NA,NA,NA,NA,NA,NA,NA,NA,NA,NA,NA,NA,NA,NA,NA,NA,NA,NA,NA,NA,NA,NA,NA,NA,NA,NA,NA,NA,NA,NA,NA,NA,NA,NA,NA,NA,NA
"40.34263",271.316391095,NA,NA,NA,NA,NA,NA,NA,NA,NA,NA,NA,NA,NA,NA,NA,NA,NA,NA,NA,NA,NA,NA,NA,NA,NA,NA,NA,NA,NA,NA,NA,NA,NA,NA,NA,NA,NA,NA,NA,NA,NA,NA,NA,NA,NA,NA,NA,NA,NA,NA,NA,NA,NA,NA,NA,NA,NA,NA,NA,NA,NA,NA,NA,NA,NA,NA,NA,NA,NA,NA,NA,NA,NA,NA,NA,NA,NA,NA,NA,NA,NA,NA,NA,NA,NA,NA,NA,NA,NA,NA,NA,NA,NA,NA,NA,NA,NA,NA,NA
"40.34305",271.798645965,NA,NA,NA,NA,NA,NA,NA,NA,NA,NA,NA,NA,NA,NA,NA,NA,NA,NA,NA,NA,NA,NA,NA,NA,NA,NA,NA,NA,NA,NA,NA,NA,NA,NA,NA,NA,NA,NA,NA,NA,NA,NA,NA,NA,NA,NA,NA,NA,NA,NA,NA,NA,NA,NA,NA,NA,NA,NA,NA,NA,NA,NA,NA,NA,NA,NA,NA,NA,NA,NA,NA,NA,NA,NA,NA,NA,NA,NA,NA,NA,NA,NA,NA,NA,NA,NA,NA,NA,NA,NA,NA,NA,NA,NA,NA,NA,NA,NA,NA
"40.34348",272.30359395,NA,NA,NA,NA,NA,NA,NA,NA,NA,NA,NA,NA,NA,NA,NA,NA,NA,NA,NA,NA,NA,NA,NA,NA,NA,NA,NA,NA,NA,NA,NA,NA,NA,NA,NA,NA,NA,NA,NA,NA,NA,NA,NA,NA,NA,NA,NA,NA,NA,NA,NA,NA,NA,NA,NA,NA,NA,NA,NA,NA,NA,NA,NA,NA,NA,NA,NA,NA,NA,NA,NA,NA,NA,NA,NA,NA,NA,NA,NA,NA,NA,NA,NA,NA,NA,NA,NA,NA,NA,NA,NA,NA,NA,NA,NA,NA,NA,NA,NA
